text,label,predicted_label,predicted_emotion,prob_Anger,prob_Fear,prob_Happy,prob_Love,prob_Sadness
beli kotak isi total buah pie terdapat buah pie yang sudah jamuran. padahal paket langsung dibuka sesaat setelah diantar kurir dan expire date juga masih bulan lebih. coba cek ulasan banyak pembeli juga mengalami kendala pie berjamur. jelek sekali kontrol kualitas pie susu ini. kasian reputasi toko ini ikutan rusak garagara produk yang tidak dijaga reputasinya oleh pemilik produk. maaf ya kaka penjual ini ulasan jujur. mungkin bisa disampaikan kepada produsen produk agar memperbaiki kontrol kualitas produknya.,1,4,Sadness,0.00010738247,0.012427775,0.0005077098,7.196753e-07,0.98695636
rasa udang rebon semur ayam lele kikil enak semua.tapi utk ayam ungkepnya maaf bener mengecewakan. pertama kali sy buka boxnya baunya amistidak fresh tercium lalu sy goreng masih amis. barusan sy coba ungkep ulang dg bumbu ayam goreng dan sy goreng ternyata masih tercium bau tidak enak terutama pada bagian tulangnya. padahal sy sdh langsung pesan box dg kurir gojek instan. sudah ada hanya permintaan maaf dr penjual,4,1,Fear,0.046868097,0.92971045,2.7465887e-05,1.0434678e-06,0.023392973
kualitas bahan mantap . dijamin termurah. berfungsi dengan baik.,3,3,Love,0.00019301096,0.0009840016,0.084267356,0.9142565,0.00029911147
kelengkapan sesuai. harganya bersaing. harus dimodif casingnya biar bisa masuk ke ps seri,2,2,Happy,3.969474e-06,3.491853e-05,0.9950723,0.0048493724,3.9419294e-05
pengemasan perlu ditingkatkan,4,1,Fear,0.42630652,0.5523672,0.0002546682,7.237128e-05,0.02099924
original amazon ? proses pesanan cepat packaging aman ? packaging rapi respon penjualnya top gampang dibawabawa enak buat baca,2,2,Happy,0.0005248986,0.0018491305,0.75181687,0.24451551,0.0012935909
barangnya datang sesuai dgn pesan dan estimasi waktunya pas banget mantap cuman sayang speaker sebelah kiri gk berfungsi yg bersuara hnya sbelah kanan,4,4,Sadness,5.7205657e-06,0.001063556,9.382415e-05,3.1072883e-08,0.99883693
gak bener nih harusnya yang dateng tuh meja utuh malah baut gak terpasang dan bautnya kecil banget. mau dilem ? ngaco nih !,0,0,Anger,0.86777616,0.13191105,8.195411e-07,6.2277934e-07,0.00031141168
mantap banget barangnya sesuai deskripsi.harga juga murah. pengemasan aman bgt.pake dus sama wrap. next time order lagi. sukses terus lapaknya gan.,3,3,Love,0.00030861344,0.001329994,0.29581875,0.70193857,0.00060413807
barang tidak sampai. tdk ada solusi,1,4,Sadness,1.5539346e-05,0.0021190927,0.0001631316,9.679067e-08,0.99770206
barang tidak sesuai tidak transfaran dan tidak menyala,4,1,Fear,0.19101985,0.803904,3.939118e-06,3.4947192e-07,0.0050718226
buku sampai hari setelah pemesanan lumayan cepat pengirimannya. buku tiba dengan bubble wrap dan dalamnya masih dikemas dengan kardus lagi. overall bagus,2,2,Happy,3.2250922e-05,0.00022445818,0.99018085,0.009277401,0.00028499353
proses cepat paket dikemas dengan baik dan sampai dengan aman. desain dan warna cantik dan minimalis tidak boros tempat dan cocok untuk di kamar tidur.,2,2,Happy,0.0008327043,0.0027733499,0.8249838,0.16927068,0.0021394824
udah sering beli banyak bahkan. tapi untuk yg sekarang sangat kecewa sekali karena ada satu yg gagaldepan belakang sama.sayangnya ketika ditanya malah disuruh nunggu. tapi tidak ada jawaban sampai sekarang. tau gitu di komplain,0,4,Sadness,1.1299481e-05,0.0023501231,9.022485e-05,4.4507825e-08,0.9975483
pengirimannya cepat barang bagus tapi ukuran maksimal sepertinya jadi tidak muat,2,2,Happy,0.00048756317,0.0025571773,0.9664991,0.026844822,0.003611383
produk tidak layak dimakan sudah jamuran beberapa pcs padahal tulisan expired date masih bulan lagi. harap di qc ulang semua produk makanannya agar layak dimakan konsumen.,1,4,Sadness,0.0001367909,0.012263386,0.00033703903,7.2184514e-07,0.98726207
mantap barang bagus pack juga aman banget. bener recommended seller deh buat nyari playing card yg keren begini.,2,3,Love,3.48636e-06,5.5370896e-05,0.0019101474,0.9980259,5.217385e-06
sesuai deskripsi,2,2,Happy,0.00024509645,0.0009260235,0.9467522,0.051147602,0.0009291272
lumayan positive,2,2,Happy,5.2483742e-06,4.3590484e-05,0.9942796,0.005622343,4.921299e-05
rasa tidak sesuai gk ada kerasa daun jeruknya.bad taste,0,0,Anger,0.61055857,0.38501552,1.8812632e-05,6.7213045e-06,0.0044003935
tiap kali beli barang selalu research dulu. this one benerbener top dibanding yg lain. ada harga ada kualitas. pernah beli yg k dan cepet bgt rusak and slip. kl yg ini solid and the best. thanks gan.,2,3,Love,0.00036532918,0.0016387297,0.07522734,0.92228985,0.00047879398
jahitannya rapi. bahannya lembut.,2,2,Happy,3.059738e-06,2.8698047e-05,0.99590045,0.004034937,3.2739175e-05
barang tidak lengkap packing asalasalan sdh chat katanya kekurangannya mau dikirim ternyata cuma janji barang kurang bagus,0,1,Fear,0.14543176,0.84991926,3.2060505e-06,2.4467587e-07,0.0046455823
lubang nya jelek bgt,0,1,Fear,0.1265094,0.8315533,6.520142e-05,4.7555363e-06,0.04186735
barang yang di gambar itu sudah saya bereskan ulang . tatakan balon nya gak ada . sudah dikomplain ke pihak tokopedia biaya nya sudah kembali ke saya tapi tetep ada rasa kecewa karna penjual lagi tidak menginformasikan ketersediaan barang dan saya lagi perlu banget . maaf dikasih rate segitu .,4,4,Sadness,7.602919e-06,0.0012393559,0.000106819556,3.925066e-08,0.9986462
pengiriman cepat seller responsif ?,2,2,Happy,3.3819175e-05,0.00018713549,0.9828609,0.016718874,0.00019926112
sesuai foto sampainya lebih cepat dari yg dijadwalkan,2,2,Happy,1.6746677e-05,0.00011315327,0.98985696,0.009887983,0.0001251733
mantabs sih build quality nya bagus banget. dan satisfying banget pas ambil bulu kucing dari sela sela sisir nya.,3,4,Sadness,0.03534606,0.36628267,0.018560987,0.024163367,0.55564696
packing rapi n aman. produk sesuai pesanan. seller responsif. utk rasa dendeng ny blm dicoba ya mdhan saja enak. thanks.,2,2,Happy,5.578538e-06,4.6097924e-05,0.99414116,0.005755615,5.1546645e-05
kondisi ikan cupang sehat dan dipacking dengan rapi dan apik.,2,2,Happy,0.0010944649,0.0034114476,0.5586289,0.4349496,0.0019155897
fast respon recommended seller,3,3,Love,1.3641782e-05,0.00014531736,0.0045535965,0.9952679,1.9438596e-05
barang nya salah krim minta kampas rem di kasih oli gear hadeh .kecewa lah,4,1,Fear,0.12451908,0.849291,8.335149e-05,8.256528e-06,0.026098205
rapi dan enak dipakai,2,2,Happy,7.464719e-06,5.710927e-05,0.99257565,0.0072965235,6.325798e-05
respone sellernya sangat cepat.tapi.ga bisa dipasang di hp saya dideskripsi inch bisa eh ternyata pas dateng di pasang di hp samsung a ga muat dan pas baca dalemnya maks ktnya inch. sama buat maen cod rada ngadat pas maen ml lancar jaya. padahal pengen maen cod nya,4,4,Sadness,3.1362924e-05,0.0040982766,0.00020833824,2.1452163e-07,0.9956619
cuma agak kecewa produk tidak sesuai deskripsi tertulis bahan aluminium yg diterima bahan plastik semua tertarik beli karena di deskripsi tertulis aluminium,4,4,Sadness,6.989435e-06,0.0011532546,0.00010615474,3.888552e-08,0.99873346
udah di hubungkan ama hp n tablet tetep gak bisa,1,4,Sadness,8.695584e-06,0.001326798,0.00012881162,5.731868e-08,0.99853563
harga worth it kualitas nya bagus nyaman digunakan tidak ada masalah dengan tali,2,2,Happy,5.395683e-06,4.5209912e-05,0.994429,0.00546914,5.1220555e-05
barang sudah sampai pelayanan cepat sekali packing aman dan barang sesuai deskripsi terimakasih dan sukses selalu yaa,2,2,Happy,0.0003363942,0.0012423295,0.91204584,0.08529491,0.0010805045
salah kasih wrna ak pesen brown yang datang grey. huhu,4,4,Sadness,8.8867855e-06,0.0013641624,0.00012484429,5.376641e-08,0.998502
tidak recommend banget pelayanan ngk bagus dan tidak sesuai di foto saya beli tetapi lampu mati satu dan tidak lengkap,1,1,Fear,0.22095089,0.7567816,6.387263e-05,7.197879e-06,0.02219647
bgs brgnya semoga awet.,2,2,Happy,3.79903e-06,3.4042743e-05,0.99536407,0.004559308,3.8783084e-05
pengiriman tidak sesuai jadwal pengiriman sangat lama tidak di proses proses di anjurkan sangat kalau buru jgn beli di toko ini pelayanan buruk hanya cepat membalas chat saat mau beli klau sudah beli boro di bales di read saja tidak,1,0,Anger,0.74089473,0.25837725,1.2732926e-06,5.751518e-07,0.0007261364
kurma matang sempurnamantap pokoknya. pas buat anak kecil atau pun orang tua sukses dan smoga berkah gan aamiinn,2,3,Love,0.0005835557,0.0021175416,0.44441515,0.55176806,0.0011157149
kualitas gunting kurang bagus krn gunting rumputnya tdk tajam itu disebabkan krn antara bilah gunting nya tdk rapat sehingga ada celah yg mengakibatkan guntingan g maksimal. utk penjual responsif tp barang kurang memuaskan.,1,4,Sadness,6.643217e-06,0.0011563082,9.8143166e-05,3.5782314e-08,0.99873894
baunya pasaran prtama kali pakai semua orang sekitar gue sakit kepala. jangan trlalu expektasi tinggi. rugi kalian harga segitu.,1,0,Anger,0.84429866,0.15526159,1.621326e-06,1.1825381e-06,0.00043694474
beli sabtu sampainya kamis .lama betul ?,0,3,Love,0.0011248,0.004052612,0.023480289,0.9704658,0.0008765888
ukurannya lebih kecil dari pada umumnya. sisanya ok.,2,2,Happy,9.089472e-06,7.580467e-05,0.9943634,0.0054537407,9.791217e-05
rusak pcs gak bisa pakai karena packing asal,0,1,Fear,0.04864878,0.92810374,1.3927351e-05,4.6285155e-07,0.023233116
packingnya cm kresek krg aman jd pas dateng peot pdhl buat d jual haduhh.,4,1,Fear,0.42200193,0.57298917,1.3283213e-05,2.926772e-06,0.0049926764
beli dsni sih pengen free giftnya sebenernya jadi buruan bayar saat masih ada gambar free gift lunch bag nya. tapi kecewa sangat ternyata pihak penjual baru konfirmasi kalau free gift bagnya telah habis saat barang udah dlm proses pengantaran dan blg klo d ganti dg free gift lain. ehh ternyata cuma dapat tumbler dr lactamil jujur kecewa. padahal belain beli d lapak ini krn udh punya royal swimmng pool dr lapak oyen n biru .,4,4,Sadness,0.026521789,0.43330663,0.0076244758,0.00016497516,0.53238213
suka produknya abbott indonesiapackingan bagus,2,3,Love,0.00012527607,0.0006576058,0.04181877,0.9572038,0.00019453664
barang diterima tanpa catat. thanks yaaa,2,2,Happy,7.3777437e-06,6.0022725e-05,0.9939499,0.0059138252,6.891786e-05
pesanan sesuai deskripsipengiriman cepat,2,2,Happy,9.352696e-06,6.9602065e-05,0.99223447,0.0076087224,7.785671e-05
pengiriman cepat dan packing sangat rapi walau hanya beli item saja. rekom bgt gaes,3,2,Happy,0.00044436916,0.0016901881,0.5003205,0.49672085,0.0008241447
kualitas oke sesuai harga tapi keren parah ?,3,2,Happy,9.610567e-06,7.1271585e-05,0.9920867,0.00775406,7.832379e-05
bagus kokoh enggak yang lari larian rodanya,2,2,Happy,0.019891705,0.09287532,0.6993559,0.14914857,0.038728546
harga di struk yang dimasukkan di kotaknya beda dengan harga yang ditampilkan di tokopedia. kok bisa harganya lebih mahal ya? di struk beda jauh harganya,1,2,Happy,1.6319416e-05,0.0001210388,0.99211216,0.0076112645,0.00013914777
mantap paten joss,2,3,Love,2.7098169e-05,0.00023238882,0.009822846,0.9898761,4.157484e-05
sedih liat analog kirinya . akan lebih baik apabila di kirim kaya analog kanan,4,4,Sadness,6.909738e-06,0.0011610059,0.00010233414,3.885223e-08,0.99872965
awalnya bintang setelah beberapa bulan pakai. ternyata ada part yang hilang seperti baut,4,4,Sadness,1.9252133e-05,0.0025496238,0.00015636766,1.1450443e-07,0.9972747
free canister ga dikirim. payah kecewah dah males beli disini,1,0,Anger,0.8657628,0.13390799,9.637863e-07,7.375764e-07,0.00032753035
respone lambat packing lama kirim lama mengecewakan padahal dalam kota yg hanya menit sampe di saller lain setelah fix transaksi menit sampe ini nunggu sampe jam. toko payah chat customer responenya lambat. kapok ga akan belanja lagi,4,0,Anger,0.8456899,0.15399913,5.998983e-07,3.862416e-07,0.00030986604
puas lah fast response. cuman masih sering close sendiri saking sibuk belum sempat dicek. recommended seller! gaming terbaik. game nya seru!,3,3,Love,6.703495e-06,8.632371e-05,0.0036637087,0.9962347,8.579642e-06
di foto bonus foto besar. dateng nya kecill. pencitraan sekali anda kill sungguh mengecewakan,4,2,Happy,6.8971713e-06,5.60438e-05,0.99399394,0.0058795186,6.358843e-05
cepet rusak kadang konek kadang engga,0,0,Anger,0.6569177,0.3413936,3.5042335e-06,1.31564e-06,0.0016838217
kualitas produk bagus . jahitan rapi. desainnya cantik . cm kekurangannya kl isi banyak kartu jd sesak hehe,2,2,Happy,5.7859593e-06,4.797779e-05,0.99424523,0.005646912,5.4048647e-05
mantapp paling terjangkau diantara seller lain bener bener baru sudah dimainkan tidak ada masalah,2,2,Happy,0.00031899117,0.0014415575,0.71998054,0.27740905,0.00084981765
kalo mau kirim baca note nya dong.masa tiga nya dikirim warna sama.trus fungsinya catatan buat apa,0,4,Sadness,0.00039167082,0.01831353,0.0008751093,3.839705e-06,0.98041576
busyeettt.lamaaa amit nyampe brgnya.pdhl udh x order.,0,3,Love,5.494407e-05,0.00041489763,0.010760092,0.98868877,8.130979e-05
pengiriman cepat dan packing aman.dapat harga flashsale.,2,2,Happy,2.8518169e-05,0.00017017961,0.98581785,0.013798531,0.00018491207
barangnya kurang sesuai dgn permintaan. sudah saya setujui berubah jumlah dan ukuran tp ternyata dikirim ada yg dirubah lg tanpa persetujuan,1,4,Sadness,9.9863966e-05,0.009694751,0.0002612266,5.0680075e-07,0.9899436
barang ok sampai lengkap sesuai pesanan pengemasan sangat rapi dan aman pengiriman cepat terima kasih.,2,2,Happy,5.0820377e-06,4.3609507e-05,0.994743,0.0051585813,4.966692e-05
mantap laptop jd adem ga cpt panas ?,3,2,Happy,0.00018881031,0.00080599985,0.8650841,0.13329372,0.00062739616
recomended seller. dibimbing sampai dapat tiket ecardnya. masuk ancol dufan tadi lancar. terima kasih banyak.,3,2,Happy,1.41789105e-05,9.7331846e-05,0.9902588,0.009519793,0.0001098517
bisa hidup tapi ga bisa ngecharge di biarkan seharian batetai tidak terisi berharap banyak sama alat ini supaya stick nya anak anak bisa terpakai nya,4,4,Sadness,1.8561568e-05,0.0027600748,0.00015284422,9.899418e-08,0.99706846
pesanan tidak dikirim tidak ada komunikasi apapun tidak ada solusi pengembalian barang ataupun biaya,1,1,Fear,0.016034923,0.9155631,3.8434773e-05,5.3067504e-07,0.06836296
ga dikasih adaptor gepeng nya. ketipu saya,0,0,Anger,0.8324732,0.16689223,2.244625e-06,1.4891177e-06,0.0006308001
mesin sesuai yg dibutuhkan. cs nya juga ramah menjawab semua pertanyaan apa yg kita butuhkan.,2,1,Fear,0.078273214,0.87574106,0.00019657925,1.3802794e-05,0.04577534
mantap mudah an awet ya. barangnya sesuai gambar . packingnya aman . produk sesuai deskripsi,2,2,Happy,2.445066e-05,0.00014356997,0.98406476,0.015612945,0.000154243
warna kuning hanya samar jadi spt warna putih saja.kecewa tdk spt gambar dikotak,4,1,Fear,0.11891258,0.8753038,4.1174835e-06,2.77178e-07,0.005779217
gk bisa di pakai tali krng panjang,4,4,Sadness,1.8660285e-05,0.0022234162,0.00017970229,1.2616249e-07,0.9975781
bahan biasa gak seperti yg dibayangin,4,1,Fear,0.24902706,0.6992893,0.00038063686,6.729393e-05,0.051235717
tepat waktu harga cukup bersahabat masih dpt bonus jg,2,2,Happy,3.2708294e-06,3.0314846e-05,0.99576557,0.0041662473,3.4640325e-05
baru hari udh ga ngegrip,1,4,Sadness,0.0001578629,0.011618001,0.00036864608,9.036069e-07,0.98785454
barang kecil banget salah saya sih tapi ya gimana namanya kecewa,4,4,Sadness,0.0023405743,0.15277107,0.00044035705,3.1331242e-06,0.84444493
puas selalu belanja disini,2,2,Happy,6.0635334e-06,4.828836e-05,0.99339586,0.0064964993,5.3324122e-05
pengirimannya sih cepat tapi barangnya bruntusan gitu. teman saya juga beli drum pad bahan karet dari malang tapi alus kok ini yg saya beli malah bruntusan begitu. ekspetasi saya tadinya bagus malah dapatnya yg jelekkan. tdk sesuai foto yg di pajang oleh penjual.,1,4,Sadness,0.0035689324,0.34196815,0.00087213283,9.212595e-06,0.65358156
hati gaes dikirim barang yg salah.,1,4,Sadness,1.6363922e-05,0.0021087558,0.00016662732,1.0433383e-07,0.9977081
mantap barangnya ?,2,3,Love,0.00019620094,0.00088150136,0.29179946,0.7067082,0.00041469603
produk sesuai deskripsi seller ramah barang langsung dikirim,2,2,Happy,9.364057e-06,7.056578e-05,0.99238306,0.007457996,7.896333e-05
barang kurang bagus tipis pokoknya jelek,0,4,Sadness,3.362858e-05,0.0039669,0.00020128336,1.896389e-07,0.99579793
mengecewakan tidak sesuai diskripsi panjangnya ternyata cm di diskripsi cm pesan ps semuanya panjangnya cm ajuin komplain malah rugi di ongkir. sial deh ?,4,0,Anger,0.83225703,0.16737056,7.294445e-07,4.2891807e-07,0.00037131153
pengirimannya cepat besok langsung sampai. nggak expect apaapa sebenernya tapi ternyata baguus. bahannya lembut banget gelap oke buat nutup mata ternyata ada gelnya juga kirain gaada hehe. overall worth it siih first impressionnya baguus ?,2,2,Happy,0.00054955506,0.0018706981,0.9100589,0.08574418,0.0017766326
sangat kecewa dengan barang yg di terima segel samsung sudah terbuka katanya dari sananya di dlm plasti segel ada kartu byu sudah di buka segel pelaatiknya yg makin parah layar banyak sidik jari tertinggal baru buka curiga curang tokonya barang mukin di tukar sama yg kw seperti kepala carger kabel dll hati di toko ini harus lebih waspada dan di tanya detail kedua penjelasan juga gak bisa selalu bilang gak tau kaka dari sana dari sana kalo dari samsung asli sesuai pembicaraan buat apa samsung buat segel bahkan ada tulisan jangan terima segel rusak kurang baik pokonya toko ini ngerasa barang bekas,4,4,Sadness,1.0693697e-05,0.0016531185,0.00012643533,5.3919987e-08,0.9982096
tidak menerawang. mudah dibentuk. nyaman dipakai. jahitan rapi. bahannya adem.,2,2,Happy,0.000107326305,0.0005812489,0.98014235,0.018497605,0.0006714589
pengiriman lama minta nota pembelian tidak di kasi,1,0,Anger,0.8232713,0.17589645,3.782351e-06,2.5506852e-06,0.00082600594
kualitas bahan bagus . nyaman dipakai . jahitannya rapi. ukuran sesuai. warnanya cantik . bahannya lembut. bahannya adem. tidak menerawang. bahan menyerap keringat.,2,2,Happy,0.00015071791,0.0006411039,0.9602909,0.03827942,0.0006377904
puas banget. dengan harga segini worth it banget sih. respon penjual juga baik. order pagi siang udh sampe pake kurir instan. recommended! ?,3,3,Love,4.6118653e-06,6.715241e-05,0.002783986,0.9971378,6.4460187e-06
puas banget dengan sofanya. bagus. dan adminnya sangat membantu saya minta tolong sebelum tahun baru dan benar hari ini barang langsung sampai. terima kasih banyak.,2,2,Happy,7.665361e-06,5.8475027e-05,0.9926299,0.007239219,6.472953e-05
ini pembelian yang ke berapa ya aku lupa yang jelas insya allah iki bakule jujur dan amanah recommend,3,3,Love,0.00038899455,0.0022392597,0.0040060896,0.9931885,0.00017713975
barang berfungsi dengan baik rekomended,3,3,Love,3.0477584e-05,0.00024358978,0.012923849,0.9867547,4.7319903e-05
barang sampai dgn baik. tidak ada cacat. ternyata barangnya kecil juga tp ttep memuaskan. dan bekerja juga dgn baik.,2,2,Happy,0.0031504936,0.020853864,0.9129472,0.027261795,0.03578668
delivery packing mantap pengiriman cepat barang build quality mantap solid responsif juga kyknya beneran ori rumble ada amiibo kedetect klik home button auto on,2,3,Love,2.2107977e-05,0.0002093194,0.012038989,0.9876957,3.3836444e-05
barang sampai dengan aman dan cepat rekomen skali produknya,3,2,Happy,4.8913867e-06,4.2341053e-05,0.9948153,0.0050895982,4.7911533e-05
bagian magnet perekat tidak melekat dengan sempurna jadinya ketika ditempel dengan lampunya jatuh cukup kecewa karena bagian magnet dengan wadahnya ga melekat kuat jdnya buat rusak lampu kalau jatuh kelantai,4,4,Sadness,1.9782328e-05,0.0035020534,0.00014553926,9.376101e-08,0.9963325
order pcs sempat khawatir krn pas sampai sudut packing bubble wrap agak robek sptnya sempat terbanting kotaknya jg penyok tp alhamdulillah warna biru berfungsi dgn baik walaupun tutup bagian bwhnya sempat agak lepas warna hitam hidup mati suara jg kurang nyaring stlh di charge sempat sesekali hidup mati alhamdulillah suara agak gedean walaupun tdk senyaring warna biru overall lumayan bagus sesuai harga terimakasih,2,2,Happy,0.00057301647,0.0029299017,0.9623421,0.030098777,0.0040562213
bahan adem tapi tipis sekali terawang klo dipakai. sesuai dg harga lah. bahannya adem.,2,2,Happy,4.8133737e-05,0.00030306992,0.9873728,0.0119022,0.00037377287
tidak berfungsi sama sekali. produk nya. kutu tetap masih adatidak mati. kecewa saya tdk sesuai speak nya,4,4,Sadness,9.4998504e-05,0.009278582,0.00026885697,4.4413574e-07,0.9903571
minta yg pink dikirim yg biru terus dapet yang penyok kecewa banget ih,4,4,Sadness,1.2150304e-05,0.0017712689,0.00013635906,7.0085505e-08,0.99808013
nyaman dipakai.,2,2,Happy,1.2685048e-05,8.9075176e-05,0.9909894,0.008808822,9.996298e-05
cepet banget rusaknya baru sebulan pake gak bisa nyala ._.,4,4,Sadness,1.3114281e-05,0.0016483095,0.00017156386,1.0492475e-07,0.9981669
pelayanan penjual nya jelek slow respon banget,0,0,Anger,0.84401435,0.15516451,5.1344227e-06,4.0921764e-06,0.0008119202
puas banget sempet error di kurir mau pake gercep seller nya respon bgt sama cari solusi. order ulang ga pelit ada yg dikasih tambahan dikit. makasi ya kak. jaya selalu tokonya ?,3,2,Happy,1.5400594e-05,0.000102759615,0.98991245,0.009855134,0.00011428057
tdk sesuai,4,1,Fear,0.079727285,0.5122893,0.008724046,0.00078324875,0.39847612
pesan lampu bubble wrap tp bubble wrapnya dijadikan . untuk pelanggan lain mungkin pesan bubble wrapnya saja,4,1,Fear,0.45025456,0.5412285,2.9949477e-05,6.438211e-06,0.008480636
belinya transpulmin baby yg sampe transpulmin kids. sorry dksih bintang biar ada perbaikan kedepannya. thx,4,1,Fear,0.30940703,0.6808802,2.7410477e-05,4.662757e-06,0.009680743
tipis banget bahan parasutnya. dan tidak ada keterangan penjelasan tebal atau tipisnya. mungkin seller perlu perjelas.,1,4,Sadness,1.01353735e-05,0.0014884622,0.00013806215,6.550326e-08,0.9983633
barang bagus. response cepat. proses dan pengiriman cepa. packing baik. recommended seller.,2,3,Love,0.00033497388,0.0014131252,0.2690784,0.72862715,0.0005463669
barang tidak sesuai pesanan tempat penyimpan hp nya tidak ada. kecewa,4,4,Sadness,6.7502087e-06,0.0011542246,0.00010449531,3.8153956e-08,0.9987344
saya udah pesen tp gak ada ini emg kesalahan saya pas mesen atau gimana? udah bayar box tp gak ada box kan sedih.boleh diulas bosku,4,1,Fear,0.008435176,0.9185194,3.851393e-05,4.7847277e-07,0.07300651
pengiriman cepat dibungkus rapi bubble wrap tebel buku original udah disampul rapih bgt terbaik deh pokoknya!,3,3,Love,4.326473e-06,6.284817e-05,0.0019271626,0.99799985,5.7932543e-06
mengecewakan barang tdk sesuai dgn yg ditawarkan ada cacat berlubang dan buatan kasar.,4,4,Sadness,3.422678e-05,0.004830531,0.00016253459,1.5564164e-07,0.9949726
suaranya tetep ae kecil ?,1,4,Sadness,0.0004059124,0.012913317,0.003553385,1.7803466e-05,0.98310953
knop kanan gabisa diputar,1,0,Anger,0.59424716,0.39901745,4.6918747e-05,1.8881487e-05,0.006669564
untuk sepatu adidas ultra boost sya tidak bisa lengket udh dicuci bersih trus sya ampelas bagian yg mau di lem tpi tetep gamau lengket semoga pembeli yg lain bisa lengket gak seperti di sepatu sya,1,1,Fear,0.014068454,0.8436554,0.00031968753,4.072232e-06,0.14195244
barang sudah diterima.bagus.dlm keadaan baik.warna jg sesuai dg yg diinginkan.bungkusnya juga bagus.mantap.suka deh.makasih penjual.makasih tokopedia.,2,1,Fear,0.09770354,0.36402652,0.10634589,0.08794959,0.3439745
brg dtg ga sesuai pict ga bs d pake rusak pengaturan aliran air nya itungamal aza hrg flashsale dan ongkir k,1,4,Sadness,6.0659026e-05,0.0059558097,0.00045539852,4.992612e-07,0.9935276
console sebelah kanan analoq ya drift sendiri lecet juga ng recommend deh. kapok,1,1,Fear,0.030828191,0.8962424,5.7718702e-05,1.2045165e-06,0.072870515
admin sangat ramah sabar menghadapi berbagai pertanyaan. sangat rekomended !,3,3,Love,7.4831087e-06,9.5430565e-05,0.002237389,0.99764997,9.777915e-06
rasa mantap dan dibiarka diluar hari pas asemnya,2,3,Love,0.00053790386,0.0018623894,0.3978863,0.5987127,0.0010006648
masyaallah bagus payung nya. untuk pertama kali gunain tokopedia langsung beli payung ditoko ini. tidak mengecewakan pokok nya barang nya masyaallah bagus?,2,2,Happy,0.0041875388,0.047570057,0.71802485,0.009162244,0.22105531
produk dikirim tidak lengkap !,0,0,Anger,0.84804785,0.1513038,3.2168605e-06,2.4456674e-06,0.0006426814
sayang sekali mau tukar kerana ada yg tak fungsi tapi mahal di ongkir,1,4,Sadness,8.445663e-06,0.0013061851,0.00012378528,5.2116096e-08,0.99856156
pengiriman cepat produk sangat good daya rekat bagus seller sangat amanah jangan ragu belanja disini ?,3,3,Love,1.2982472e-05,0.0001387585,0.00599739,0.99383247,1.8398081e-05
barang ok pengiriman lamaa konfirmasi aja butuh hari packing ga banget ga pake buble,2,4,Sadness,1.3351226e-05,0.0021797481,0.00012213796,6.685988e-08,0.9976847
barang sampe kardus rusak gini kata mas yg bawa pas dia terima kardus nya uda gini. kecewa saya uda lama barang yang diterima bgini. dalam nya paas di buka sanitizernya basah smua tumpah keluar seger kayak ke buka gitu.,4,4,Sadness,0.00014849927,0.04008006,0.00021937142,2.7378115e-07,0.9595518
kotaknya jelek! penyok! bungkus seadanya doang,0,1,Fear,0.06623,0.62750685,0.0026191326,0.00025206179,0.3033919
alat tidak berfungsi,4,0,Anger,0.50573844,0.46532506,0.00044367023,0.00015371895,0.028339103
pelayanan gercep dan mantep cuman kualitas suara kurang tapi buat harga rban mah mantep,2,2,Happy,5.1689562e-06,4.4468536e-05,0.9946702,0.0052303337,4.9876355e-05
bagus kabelnya cepet buat ngecas jozz,2,2,Happy,3.5835346e-06,3.23586e-05,0.995426,0.0045014285,3.666828e-05
respon cepatpacking ok rapi.orderan sesuai?,2,2,Happy,2.6448015e-05,0.0001597187,0.98654395,0.0130924005,0.00017747395
produk sesuai deskripsi sdh diterima aman tks,2,2,Happy,3.7632196e-06,3.3889723e-05,0.9953945,0.0045292974,3.8479513e-05
pas bermanfaat jadi rapi dapurnya.,2,2,Happy,6.0865436e-06,4.945388e-05,0.9939319,0.0059574717,5.520079e-05
bahannya nyaman . beban tersebar merata. bahannya fleksibel. gampang dipakai. desain ergonomis. nyaman di punggung.,2,2,Happy,3.3177917e-06,3.069994e-05,0.99572974,0.0042011654,3.5024073e-05
packaging gk aman bgt bubble wrap tipis alhasil kemasan barang agak penyok pas dateng thank god barangnya aman. ini official store seharusnya lebih baik lagi fix min next duh.,1,4,Sadness,8.333598e-06,0.001348211,0.000118590855,5.285405e-08,0.99852484
jangan samain packing kura sama ikan!,0,1,Fear,0.4719741,0.49511367,0.003226264,0.0028891198,0.026796872
ini buat kado loh. masa dusnya hancur seperti ini.,1,2,Happy,0.022404447,0.23720889,0.45218882,0.012963236,0.2752346
ga rapi bnyk yg item .,4,4,Sadness,1.5045492e-05,0.0017924197,0.00016749049,1.03573534e-07,0.99802494
barang sampah ini tidak seharusnya dikirimkan ke alamat saya akan tetapi di tong sampah. sangat mengecewakan admin tidak merespon sama sekali chat saya. lihat barang yg dikirimkan ada dead pixel lalu layar monitornya kebalik. sangat mengecewakan. catatan buat temanteman yg ingin beli monitor ini tidak ada audiospeakernya kualitas layar juga kurang baik. jika ada rejeki lebih belilah dengan merek yg bagus. saya sangat menyesal belanja di sini. saya tidak merekomendasikan belanja disini.,0,4,Sadness,8.588709e-05,0.0082699675,0.00048726337,6.83377e-07,0.9911562
barang sudah sampai dengan baik. packing rapih. dan baik. terima kasih,2,2,Happy,6.5627014e-06,5.407959e-05,0.9941051,0.0057725897,6.169184e-05
adminnya lambat. barang juga tidak sampai di tangan saya setelah menunggu hampir minggu. padahal saya ada transaksi dari beberapa toko di hari yang sama dan semuanya sudah sampai maksimal hari setelah saya pesan.dari pihak kurir katanya udah sampai dan diterima keluarga dekat padahal nama penerimanya aja ga kenal.terus komplain ke toped baru direspon setelah hampir mggu dan akhirnya diputuskan dari pihak toped untuk direfund.,0,4,Sadness,0.0016686158,0.09626698,0.0018792697,8.884317e-06,0.9001761
kemasan kotaknya ada yg penyok dan robek tp pisaunya aman. padahal mau buat hadiah temen,4,4,Sadness,1.7585624e-05,0.002129365,0.00017783785,1.2491665e-07,0.9976751
rasanya gak enak kuah nya masa kentel di bnyakin air malah asrep gak karuan pokok nya pretttt,0,0,Anger,0.8150252,0.18415315,3.6631786e-06,2.3302418e-06,0.0008156585
barang tidak terkirim ke pembeli dan minta di kirim ulang tetapi toko menolak.,1,4,Sadness,0.0061556143,0.23909742,0.0007995064,9.671499e-06,0.7539377
barang sangat bagus. no lecet no rusak. super sekaliii. terimakasih sukses selalu jaga kesehatan ?,2,3,Love,1.1994859e-05,0.00013462905,0.0028139187,0.9970265,1.288951e-05
celananya kekecilan sayang amet,4,4,Sadness,7.1643426e-06,0.0011557918,0.000112831556,4.4638295e-08,0.99872416
patah dan barang nekas di buka dari packaging nya,1,1,Fear,0.18593913,0.557276,0.0062765935,0.0012067487,0.24930151
jepitan nya bagus canti anakku suka,3,3,Love,7.1007626e-06,9.017325e-05,0.0020445304,0.9978491,9.120786e-06
modelnya cantik . bahannya adem. nyaman dipakai. jahitan rapi. warnanya cantik . mudah dibentuk.,3,2,Happy,0.00033893855,0.0013183034,0.71970785,0.2777712,0.0008637432
bahannya adem banget ini yang saya butuhkan murah kualitas ga murahan thanks seller dan tokped,2,2,Happy,0.00027122092,0.0010288777,0.92663133,0.07111675,0.0009518013
pembelian kesekian kalinya! puas. packing aman . kuat dan kokoh.,2,2,Happy,3.1758813e-05,0.0001816038,0.9835829,0.016006678,0.0001969436
barang ok harga porsi terjangkau untuk rasa enak pengiriman cepat.good job,2,2,Happy,4.6619616e-06,4.0463387e-05,0.99488163,0.005027269,4.5941975e-05
mantap sesuai pesanan bakonya bener mentol?respon cepat pengiriman cepat?,3,3,Love,2.6209858e-05,0.0002213893,0.014625882,0.9850868,3.9741513e-05
lama sekali sampainya pesan rabu baru hari senin sampai,0,0,Anger,0.84757173,0.1518805,2.0553498e-06,1.4906999e-06,0.00054432015
barang diterima dalam keadaan baik,2,2,Happy,2.7812453e-05,0.00020147391,0.99139106,0.008097966,0.00028169501
kualitas bukan foto asli tapi hanya cetakan foto digital dgn kretas kualitas rendah. kami tidak bisa menggunakan ini untuk exhibition kami karena kualitasnya terlalu rendah.,1,4,Sadness,6.037893e-06,0.0010892993,9.724001e-05,3.289599e-08,0.9988073
tajam. produk original. produk sesuai. kualitas produk bagus.,2,2,Happy,3.1049224e-06,2.8824008e-05,0.9957632,0.0041722036,3.2605116e-05
respon cepat barang dpt digunakan dengan baik,2,2,Happy,7.4502914e-06,5.9139096e-05,0.9935638,0.0063027977,6.682441e-05
ukuran fit dipakai. nyaman dipakai. jaketnya stylish. packaging aman . proses pesanan cepat. keren modelnya.,2,2,Happy,9.080357e-05,0.0005499971,0.9841383,0.014551931,0.00066893635
hati hati guys gua beli tiga terus satu bener bener gabisa dipake. sengaja ngasih bintang satu lagian gua chat abangnya ga respon,1,0,Anger,0.8515679,0.14808993,8.7661664e-07,6.1812887e-07,0.000340619
sudah dtrima barusan ada cacat goresan jadi ga mulus kesan spt bekas ketara _ _ tapi y sudahlh. thanks.,4,1,Fear,0.07513471,0.91946316,2.4960368e-06,1.123008e-07,0.0053995126
njir dikasih barang pecah guoblok yg dagang.,0,1,Fear,0.18976997,0.77939427,0.00011543948,1.4511614e-05,0.030705811
packing bagus. barang pesan sampai dgn cepat. terima kasih banyak.,2,2,Happy,3.36783e-06,3.0963252e-05,0.99565506,0.004275513,3.5133577e-05
barang diterima dgn aman respon cepat paking rapi waktu pengiriman lebih cepat dr jadwal. makasih.,2,2,Happy,5.770754e-06,4.8660262e-05,0.99447256,0.0054174783,5.547582e-05
warnanya cantiktpi syg kurang tajemkupas kulit bawang aja sma potong tomat pisau yg kecilnya gk bsa,4,4,Sadness,6.7941523e-06,0.0011452521,0.00010588891,3.9545252e-08,0.99874204
harga oke dan bahannya halus adem di pakai recommended bgt buat yg lagi cari piyama.,3,2,Happy,6.9089416e-05,0.00032133132,0.9585898,0.0407318,0.0002880409
woooowww kereenn langsung dipakai untuk anabul bulunya langsung bersih dan bagus packingnya sangat bagus dan aman terima kasih,3,3,Love,2.9792802e-05,0.0002621343,0.011087669,0.9885739,4.6504665e-05
sempat terkendala dgn pengiriman tapi dibayar dgn barang yang bagus dan packing nya rapih.,2,2,Happy,1.0587716e-05,8.7058834e-05,0.9940726,0.0057218294,0.000107923865
mantap rekomendasi dah thanks,3,3,Love,0.00020743985,0.0009478888,0.335934,0.6624589,0.00045173592
maap agak kecewa krn yg saya terima beda sama gambar. bagian alas tdk bevel spt gambar.,4,4,Sadness,1.2238986e-05,0.0017318527,0.00014103824,8.0699344e-08,0.9981148
ga jujur ini orang dagang,0,4,Sadness,4.1239888e-05,0.003813279,0.00025750636,2.86974e-07,0.9958877
produk original . bikin helm saya makin keren. jadi tambah rapih.,3,2,Happy,0.00016928406,0.00068103825,0.9522984,0.0461659,0.0006853913
kipas ok namun packingnya rusak dosnya sudah terbuka.,2,2,Happy,4.3598684e-05,0.00024290041,0.9839856,0.015461359,0.00026654705
lamaaa bangettt respons nya,1,3,Love,0.00017798247,0.00096847484,0.025240438,0.9733439,0.00026913354
harga kualitas terlalu jauh. harga tinggi vs kualitas rendah.,4,3,Love,8.823525e-05,0.00055795966,0.027461518,0.9717344,0.00015784556
kurang cocok pake samsung s ultra hp nya berat gimbalnya miring,4,4,Sadness,1.1417328e-05,0.0016238147,0.00012988814,6.7472754e-08,0.99823475
bagus banget barang nya,3,3,Love,0.00026190447,0.0011274146,0.16119672,0.83690786,0.00050612114
pengiriman lama lokasi toko saya di jakarta ternyata di kirim dari yogyakarta,0,0,Anger,0.7896012,0.2091274,6.775941e-06,4.1074964e-06,0.001260465
mantul bet?,3,3,Love,8.4311134e-05,0.0004992652,0.029504305,0.969776,0.0001360477
terbaik lah pokoknya. packing lakban doang rapih banget. keren ? lakbannya juga rekat banget,3,3,Love,2.2790084e-06,4.0634328e-05,0.0012827246,0.9986712,3.3033755e-06
jamnya bagus banget. produk sesuai dengan foto. nyaman dipakai ?,3,2,Happy,0.00033859565,0.0013018269,0.749284,0.24818493,0.000890641
baso nya asemmm. basi. rasa ngga enak banget deh.mungkin orang beda beda yah soal rasa. untuk luar pulau pikir deh klau mau beli. di jamin basiii.,0,0,Anger,0.5532206,0.44214788,2.2002927e-05,7.1893132e-06,0.0046023084
ada halaman yg hilang,1,4,Sadness,1.947633e-05,0.0022307662,0.00019861592,1.4923211e-07,0.997551
barang ngk bisa berfungsi.setelah di cek ic mati.jadi beli barang untuk di buang.tolong dong klau kirim barang di cektes dulu.sangat kecewaaa.,4,1,Fear,0.0351588,0.9462601,1.49992475e-05,4.7326915e-07,0.018565677
dengan harga segitu lumayan bagus suka?,3,2,Happy,3.5684732e-06,3.249059e-05,0.9955224,0.004404711,3.6862228e-05
tidak dikemas dobel plastik seperti beli gorengan dan jahitan ada yg tidak rapih.,4,1,Fear,0.07594132,0.8142999,0.00021478672,1.34610145e-05,0.10953053
seller ramah pengirimannya juga cepat dan barangnya mantap positive banget tokonya,2,2,Happy,0.0002896433,0.0011750775,0.7691109,0.2286909,0.0007334478
pengiriman cepat packing rapih buku masih tersegel dengan aman. terimakasih banyak.,2,2,Happy,2.0717223e-05,0.0001356858,0.9890982,0.010595884,0.00014955846
masya allah saya kira bahan nya kaku ternya nya bahannya lembut dan nyaman di pake sama suami bisa langganan nih pelayanan nya juga memuaskan pokonya ?,2,2,Happy,8.6836655e-05,0.0004374038,0.9770593,0.021942567,0.0004739161
terima kasih barangnya sudah sampai dgn selamat produknya oke banget! packagingnya juga aman recommended banget,3,3,Love,5.047772e-06,7.069967e-05,0.0029835377,0.99693406,6.6384946e-06
kurang sesuai dengan deskripsi yg katanya muat untuk tahun anak tahun aja kekecilan. panjangnya juga bukan hanya .,1,4,Sadness,4.987638e-05,0.004429437,0.0003086494,4.1998322e-07,0.99521166
barang bagus dan layanan bagus,2,2,Happy,1.6463247e-05,0.000107755644,0.9888393,0.010917764,0.000118662516
yg dikirim beda barang yg lebih murah selisih . .eh rusak pula. mau retur tapi maenannya dah terlanjur dibuka.yauda gw minta balikin selisih nya aja dg suruh isiin pulsa gw aja rb. udah hari pulsa ga masuk.ditanyain jawab nya ok doang. parah ga amanah!,0,1,Fear,0.09517579,0.9000752,2.1497083e-06,1.09563786e-07,0.0047467533
sy pesan shampoo dan body wash. yg sy terima hanya body wash. shampoo tdk sy terima. salah sy tdk membuat video unboxing karena percaya sj dgn seller official. win win solution sy berikan bintang . terima ksh,1,4,Sadness,4.0293085e-05,0.0031446677,0.0004170774,4.8269504e-07,0.99639755
sedikit masukan klw utk buble warp agar bagian dalam juga di bungkus jika ada pemesanan brg yg dibungkus bersamaan dgn lampun yg mudah pecah. terima kasih?,1,1,Fear,0.28770024,0.7086158,4.7579174e-06,6.5447546e-07,0.003678563
sdh sering belanja disini. smg terkumpul terus dah. aamiin,3,2,Happy,2.3128412e-05,0.00013954563,0.98611474,0.013575561,0.0001470083
barang bagus dan berkwalitas. mantapsss. sesuai deskripsi. cepat sampai,2,2,Happy,4.323048e-06,3.7948845e-05,0.9950563,0.0048583257,4.3084063e-05
dijamin asli barangnya cuma packingnya pengirimannya sederhana sekali? sampai ada lembar soal anak sd,2,3,Love,0.0023619102,0.0118036065,0.013680578,0.97063273,0.001521109
penjual ok barang nya bagus dan kurirnya pun juara. mantap deh. sukses terus ya kaaa,3,3,Love,0.00056062266,0.0020401536,0.45651498,0.5398891,0.0009951586
mantulll. recommended seller,3,3,Love,4.818456e-05,0.0003615286,0.009437354,0.99008894,6.402268e-05
begitu di cuci sablonan lepas,4,4,Sadness,0.00023719364,0.015150486,0.00063338055,2.2758195e-06,0.9839767
ringan dipakai. jahitannya rapi. warnanya bagus .,2,2,Happy,5.9794415e-06,5.096203e-05,0.99466056,0.005223615,5.886304e-05
tenyata gak bagus utk kucing jantan di saluran urine nya . hati,1,1,Fear,0.41538757,0.5670051,0.00012222839,3.2896136e-05,0.017452145
gk nyalah parah,0,0,Anger,0.7167449,0.279209,3.236728e-05,1.673755e-05,0.0039970335
harga murah kualitas produk sangat baik,2,2,Happy,4.157756e-05,0.00022031035,0.9811323,0.01837251,0.00023331029
sama dengan spos cuci piring yg lain cuma lebih mahal aja.,1,4,Sadness,0.0010312711,0.059773818,0.00079706684,5.1076017e-06,0.93839276
ukurannya gak sesuai deskripsi gk ada cm dan juga gk m. parah sih beli produk berbesa tapi gk rata semua potongannya.,1,1,Fear,0.25120753,0.7445839,5.460617e-06,6.7878193e-07,0.0042023817
mantab barang susuai pesanan tepat waktu,2,2,Happy,5.7702455e-06,4.697957e-05,0.993911,0.005983564,5.2633695e-05
barang rusak pesen tgl tgl baru sempet pake buat wedingan pas mau di cas lagi udah drop gabisa isi daya. hadehh cuma kepake sekali tok.,4,4,Sadness,2.7195123e-05,0.0032253535,0.00017823733,1.5212107e-07,0.99656904
baru transfer satu jam kemudian barang nyampe. cepat bat ! ya walaupun harga go send sdikit rada mahal. recommended seller nih gaes. makasih ya sis. semoga makin banyak diskon d,2,1,Fear,0.39289153,0.45878607,0.017557275,0.079535656,0.0512295
mantappp djiwaaaaaa,3,3,Love,0.00015606254,0.00078430003,0.04974515,0.9490675,0.00024704184
produk nya bagus sesuai deskripsi ?,2,2,Happy,4.3675984e-05,0.00022835551,0.9795426,0.019935118,0.0002502602
diluar expektasi saya benar benar ukuran super mini tidak ada bedanya dengan box kontener yg di pasar yg tingkt cma karena ada space diatas itu saja kelebihanya saya ukur lebarnya cuma sejengkal antar jempol ibu jari dan dan jari tengah benar benar kecil. dengan harg lumayan mahal?,0,1,Fear,0.0088485,0.9637935,1.3355594e-05,1.7226535e-07,0.027344512
barang cepat sampai tp ad sedikit keteken kardus hpnya. semoga gk kenapa hpnya,2,4,Sadness,0.0073364517,0.16595459,0.30140933,0.0035201886,0.52177936
ini jg sy tdk rekomend krn body sy tinggi jd klu dpke pendek sy gak nyaman klu berkeringat itu basah banget spt disiram air ini mungkin krn bahanya yg sutra jpg.oy tangannya jg pendek bingit.maaf y,1,1,Fear,0.004880025,0.85999995,5.231791e-05,3.183259e-07,0.13506743
barang hanya dpt berfungsi beberapa hari terus mati tdk dpt signal. dan ketika brg diretur. ternyata sama aja.mati lagi tdk da signal,1,1,Fear,0.0048066997,0.7516488,0.00017795045,1.0767035e-06,0.24336547
barang kurang mulus. beli dua dua duanya ada sobekan di bantal bagian belakang.,4,4,Sadness,0.00021314344,0.014493788,0.00044005451,1.3173078e-06,0.9848518
sidik jari masih ada jdi layar kusam saja karna banyak sentuhan. terus efek kaya kertas nya gue rasa ga ada ngaruh nya. ga ada tuh kesan paperlike nya. tidak kaya deskripsi dan fotonya. cuma sebatas pelindung anti gores aja si ini rasanya.,1,1,Fear,0.021971852,0.9698454,2.0150871e-06,3.828269e-08,0.008180714
barang tdk sesuai dg pesanan.klu tdk ada barang nya jng dgabti sm yg lainnya.sangat kecewa.,4,4,Sadness,0.00010032976,0.008918354,0.00033018307,6.404585e-07,0.9906504
gak sesuai gambar depan terlalu pendek,1,1,Fear,0.0851608,0.89470375,2.0201325e-05,1.0625708e-06,0.020114154
yg bikin kecewa pesen items yg nyampe cuma satu. masih saya tunggu kekurangan barangnya uno stacko kayu uno card pcs dan werewolf pcs. kalau tidak tolong refund aja uangnya.,4,4,Sadness,9.887946e-06,0.0014618087,0.00012177988,5.844597e-08,0.99840647
kurir sameday dikirim besoknya. pdhal ditanya bisa kirim hari ini pake sameday dia bilang bisa. tokonya barang ga ready sih jd sistemnya ambil dulu dikumpulkan orderan baru dikirim jadi ya kaya begitu,1,4,Sadness,7.499038e-06,0.0013298793,0.000105740735,4.0623494e-08,0.9985569
packaging rapi. gampang dipakai. desainnya elegan . ada baret dikit tp masi ok lah overall,2,2,Happy,3.5347846e-06,3.2085638e-05,0.9955374,0.004390615,3.6386475e-05
penggunaan di hp samsung kualitas suara baik. kualitas mic standar menuju buruk suara harus keras baru bisa terdengar oleh lawan bicara. pengguanan di macbook ketika terhubung kualitas suara baik namun selalu terputus tidak stabil koneksinya sehingga tidak bisa digunakan. buat tementemen yang perlu connect ke laptop gitu mending cari tws lain deh. soalnya koneksinya ke laptop enggak stabil. sekian.,1,4,Sadness,8.899488e-06,0.0015399281,0.00011025802,4.5998533e-08,0.99834085
bagus mantab jernih,2,2,Happy,3.9702395e-06,3.491614e-05,0.9950688,0.0048528695,3.946478e-05
order datangnya cuma . sedih banget. not recomended,4,4,Sadness,4.9038536e-05,0.0038790863,0.00031211798,4.850948e-07,0.9957593
size kecil banget.,0,3,Love,0.0005380452,0.0022280032,0.040048447,0.9565435,0.0006420033
udah x beli ga awet banget.yg pertama rusak rel nya macet. beli lagi eh relnya kendor ga mau kenceng beltnya,0,1,Fear,0.011416066,0.92083764,4.3091997e-05,6.704642e-07,0.06770252
pengiriman cepat packing aman.produk disukai enak dan melengkapi asupan nutrisi yang diperlukan untuk pertumbuhan dan menjaga kesehatan.,2,3,Love,0.000437536,0.0015986691,0.27983218,0.71735996,0.0007716587
gantungan kuncinya bagus,2,3,Love,0.0046692286,0.011743495,0.3395542,0.6371823,0.0068508415
pengiriman sehari awalnya beli ini krn ekspektasi kaya di review youtuber yg bilang awet ga kering ga lengket kalo di ketup tapi semua itu ga bnr hanya ringan wrn oxidize turun menggelap makan nasi sama ayam aja udh ilang bener setengah di bibir bawah,0,1,Fear,0.06755,0.92724884,2.2302952e-06,9.4801685e-08,0.0051988205
produk nya bocor karena packing nya krg bgs. dr dus luar nya aja basah sampe ke dlm. isi botol habis stengah nya. mungkin bisa jadi masukkan buat seller supaya lain kali bisa packing yg lbh aman.,1,4,Sadness,0.0005755771,0.02862114,0.009061267,2.589977e-05,0.9617162
baguuus kuat kokoh cuma emang gabisa sejajar lurus kalau mau foto dari atas keliatan kaki bawahnya harus agak dinaikin dikit hp nya overall okee,2,4,Sadness,5.854633e-06,0.0010607282,9.657902e-05,3.2130124e-08,0.9988368
barang datang tidak lengkap. yidak akan pernah belanja lagi di toko remi loreal,1,4,Sadness,0.027134638,0.27614486,0.004675767,0.00039037832,0.6916543
pelayanan sangat memuaskan dan memberikan yang terbaik . penjual sangat responsif untuk menjelaskan kalau di tanyain,2,2,Happy,0.001026501,0.003134203,0.81655765,0.1768815,0.0024001529
.mas yg filter ini kok saya enga terima. yg lain itu ada cuman yg ini yg enga ada. bagaimana,1,4,Sadness,1.6679598e-05,0.002146847,0.00015920438,1.09582615e-07,0.99767715
bahan nya enak dan adem. bakal langganan ini kak. biar motif nya beda dr yg aq pesan no prob yg penting bahan enak buat tidur dan harga terjangkau?,2,3,Love,0.00010916416,0.0006637594,0.048646502,0.95041674,0.00016382948
cacat gitu jidatnya.mana jelas bgt lagi.hadeeuuhh,0,0,Anger,0.797069,0.20016639,4.0543888e-05,3.2472963e-05,0.0026915602
padahal yg diminta dino sama unicorn mlh yg dtg mickey mouse.anak saya kecewa loh mba.,4,1,Fear,0.48342535,0.51355845,4.7044123e-06,1.1397876e-06,0.00301034
enak enak enak enak sekali! uda order a aja kali disini! dan pasti akan reorder terus! thank u! sukses selalu!,3,3,Love,9.309954e-05,0.0005779092,0.054354172,0.944838,0.00013686428
plastiknya cukup tebal desainnya keliatan cukup kokoh. langsung dipakai utk zoom. hape stabil. mudahan awet.,2,2,Happy,4.5770385e-06,4.052868e-05,0.99520504,0.0047033736,4.652201e-05
barang oktetapi batrai bocor parahtdk ada niat memberi batrai yg baru.stiap x maen ga ada jam lngsng habis.di cas jg lampu slalu merah.,4,1,Fear,0.07820126,0.86330956,0.0002251183,1.9348983e-05,0.058244724
cat nya jelek banget. detailing nya jelek parah. murah sih. tapi ya gitu. jelek,0,1,Fear,0.018531462,0.93780744,2.26213e-05,3.48484e-07,0.04363814
iklannya seragam pgri kemeja hem katun pria. tp ternyata bahannya bukan katun. smg ke depan deskripsi sama dg iklannya shg pelanggan tidak kecewa lo,1,4,Sadness,9.56191e-05,0.005666874,0.0004935171,1.0468984e-06,0.993743
selalu langganan beli simcard dan jr pass di sini. servicenya oke banget chat wa responsif dan pengiriman cepat sekali ketika sy minta urgent. puas banget dan akan tetap jadi langganan. terima kasih!,3,3,Love,7.379552e-06,9.565961e-05,0.0036638742,0.9962226,1.056014e-05
barang oke tapi seller packingnya asal kemasannya bocor silica gelnya jadi keluar semua apa gunanya lagi silica gelnya ? sudah terkena udara. tida direkomendasikan buat beli disini,1,0,Anger,0.850096,0.1494125,2.2835845e-06,1.8245449e-06,0.00048732126
barang sampe cepat packaging rapi dan aman.cuma sayang bbrp fitur seperti tombol trigger dan ai lock nya ga bisa. tanya ke toko mesti hub garansinya toko ga bisa bantu. mohon maaf ya kasih bintangnya karena saya kurang puas. trimakasih,4,2,Happy,0.00079061714,0.0050851167,0.9579035,0.03304724,0.0031734717
pengiriman lama. padahal butuh urgent,0,4,Sadness,1.5655574e-05,0.0019851588,0.00016673993,1.0493918e-07,0.99783224
aromanya ngaka ada kecewa aku,4,4,Sadness,1.1609041e-05,0.0014810542,0.00016127297,8.775558e-08,0.998346
penjual jawab pertanyaan pelanggan kurang sopan,1,1,Fear,0.08882931,0.8854698,4.563758e-05,2.949008e-06,0.025652321
wangi nya kyk parfum refill mirahan ?,0,0,Anger,0.8453812,0.1538561,4.9740515e-06,4.159342e-06,0.0007536338
jahitan tidak pas. kancing celana tidak kuat. sorry tapi ini jujur,4,4,Sadness,7.3374454e-06,0.0012163308,0.00010627561,4.1308294e-08,0.99867
okeeee. siiipps. kereeennn abis utk tempatbhotwhealsnya gan,3,3,Love,0.0007800737,0.0032576215,0.02704087,0.96807665,0.0008447363
ok banget beli skaligus barang baguss banget,2,3,Love,8.359092e-06,0.00010266539,0.0031077352,0.9967693,1.1965971e-05
jahitan rapi. modelnya cantik . warnanya cantik .terimakasih kk,3,3,Love,2.7352386e-05,0.00022553347,0.019997092,0.97970885,4.116422e-05
ikannya mati jadi saya kecewa ah,4,1,Fear,0.030522425,0.8258749,0.00010375172,1.8556045e-06,0.14349702
barang chat no resp,1,0,Anger,0.72874016,0.2569018,0.00085058104,0.0009535154,0.012553994
barang rusak ga berfungsi sama sekali ga bisa di mainin sama sekali parahhh,4,1,Fear,0.27487433,0.7207233,3.8236726e-06,4.5850197e-07,0.0043981657
semurah ini dan sebagus ini maaf ya telat baru ada kuota bajunya lagi dijemurringan dipakai. jahitannya rapi. ukuran sesuai. warnanya bagus . bahan menyerap keringat. tidak menerawang.,2,2,Happy,0.0002665098,0.0010225108,0.94977903,0.047879044,0.0010528555
trmksh barang sesuai pesanan fungsi normal. tingkatkan terus pelayanan.,2,2,Happy,4.8876714e-06,4.239371e-05,0.9948933,0.005011184,4.8255093e-05
seneng banget dapet best deal beli gratis gini. produk dipastikan original. pengemasan cepat dan sangat aman krn selain masih dalam packaging plastik masih ditambah extra protection pake bubble wrap tebel. terus dikasih bonus susu dus juga walau akhirnya harus kasih ke temen karena belum punya baby hehe. overall thanks a lot seller! ?,3,3,Love,1.4110999e-05,0.00015348176,0.0053916103,0.99441963,2.1076881e-05
mantaaappp bagus kereeennn?,3,3,Love,0.0001725763,0.0008503833,0.055633698,0.94306093,0.00028247703
awalnya saya tanya warna semua ready setelah bayar jam kemudian baru dibilang beberapa warna habis. jgn kayak gitulah jadinya sy harus cari lagi warnanya,4,1,Fear,0.01234968,0.9557356,1.0305812e-05,1.4790238e-07,0.03190428
pelayananya buruk harus ditingkat lg,1,1,Fear,0.08068485,0.582391,0.0017132963,0.00012558488,0.33508524
bahan oke joss lahh,3,3,Love,2.928785e-05,0.00024350919,0.009406456,0.9902776,4.3144762e-05
terima kasih banyak produk bagus selalu,2,2,Happy,3.5354299e-06,3.2061027e-05,0.99547607,0.0044521354,3.626486e-05
respon cepat tp sayang tdk sesuai harapan. ukuran s nya besar kantong kirikanan terlalu bawah tanda pangkat di pundak sebelah kiri tidak simetrismiring sebelah kanan posisi kancing tdk pas sehingga melengkung. kesannya yg menjahit asalasalan. tidak rekomendasi,1,4,Sadness,6.4043943e-06,0.0011533415,9.597083e-05,3.439916e-08,0.99874425
sangat kecewa belanja disini response sangat lambatorder instant courier di kirim besok nya sore pula aduuuuh. official store tapi pelayanan nya kayak gini its not recomended deh,1,4,Sadness,0.0012917125,0.22323672,0.00036726453,1.234275e-06,0.775103
barang tidak diterima tidak ada yang bertanggung jawab pertama kali belanja di sini langsung dikecewain,1,1,Fear,0.06874532,0.9235897,4.0570835e-06,1.7749431e-07,0.0076606954
bubble tdk ada. padahal saya sudah pesan bubble,1,4,Sadness,3.1369284e-05,0.0037524612,0.00017452987,1.574985e-07,0.99604154
produnya ok banget gak bosen belanja di toko ini. terima kasih ?,3,2,Happy,2.7220489e-05,0.00016727511,0.987089,0.012527128,0.00018936163
pertama liat flash salenya langsung beli. ndak buka deskripsi dulu. i mean unilever official store gitu. ternyata expirednya sisa bulan lagi. padahal dulu beli hand sanitizer merek sebelah pas sale juga tapi expirednya masih lama. pantes ini cepet banget diproses. biasanya hari baru diproses. ini cuma jeda beberapa menit. pelajaran penting. jangan percaya brand. tetep kudu baca review dan deskripsi.,1,1,Fear,0.015938576,0.6015064,0.014151703,0.00014254467,0.36826074
kali ini kecewa dapet yang udah kadaluarsa padahal baru minum sehari besoknya udah asem gak bisa diminum. mohon di pastikan tgl kadaluarsanya. jujur kecewa banget,4,4,Sadness,2.2949067e-05,0.002244412,0.00018850142,1.6465243e-07,0.997544
barang sesuai gambar pengiriman juga cepat.,2,2,Happy,7.181109e-06,5.676704e-05,0.99337244,0.0065001044,6.346157e-05
abis pencet beli eh cek di ternyata lebih murah. produk dibawah ekspetasi.,1,1,Fear,0.19773294,0.69894785,0.0011962161,0.00026634714,0.10185662
ga sesuai warna pesanan,1,4,Sadness,0.0050581223,0.101678744,0.009083095,0.0001302875,0.8840497
untuk jar bahannya bagus. bahan yg lain lumayan. namun untuk tutup jar pita tlg diperhatikan lubangnya terlalu besar. gampang ditarik smp lepas. tp terbalik dgn tutupnya stick yg kekecilan lobangnya. stick plastik g bisa masuk. akhirnya hrs diganti tutup stick jd tutup pita. tp y pe er ngerjainnya krn udh keiket kecil gt kan. maaf agak panjang reviewnya. untuk yang lain bagus.,1,4,Sadness,8.305177e-06,0.0012657739,0.00012979399,5.1181747e-08,0.99859613
barangnya ga sesuai sama gambar ukuran nya kecil. kecewa pkoknya,4,4,Sadness,8.228094e-06,0.0013228741,0.00011427671,4.7419885e-08,0.9985545
mengecewakan. battery tidak berfungsi.,4,4,Sadness,1.8844807e-05,0.0021622754,0.00016863941,1.3179967e-07,0.9976502
kali ini saya kecewa dengan program promonya yang kurang jelas bagi saya sehingga saya terjebak. solusi atas keluhan juga mengecewakan.,4,4,Sadness,5.41018e-05,0.0035110235,0.00038977957,5.5051976e-07,0.9960445
pengiriman super cepat barang bagus recommended seller thanks,2,3,Love,0.0002972751,0.0012837545,0.2563416,0.7415631,0.00051429775
beli ga ada yg enak jauh banget sama kota hoedjan,0,1,Fear,0.045259397,0.8876018,9.302757e-05,3.8052974e-06,0.067042
pesen warna hitam yang datang gold padahal sudah konfirm by wa. barang datang ada peyok kiri dan kanan. kecewa.,4,4,Sadness,7.3586107e-06,0.001183367,0.00011030639,4.2580734e-08,0.99869883
barang bagus sesuai expectasi. nih order lagi. keep up the best quality and service.,2,3,Love,3.0334077e-06,5.087301e-05,0.001402833,0.9985391,4.2759225e-06
sesuai order n deskripsi,2,3,Love,0.000121529105,0.0006414736,0.07783153,0.92119855,0.00020692716
colokan adaptor mengalami kerusakan respon seller butuh berhari diajak diskusi untuk cara memperbaiki sendiri tidak dibalas akhirnya repair sendiri,1,4,Sadness,0.0027278236,0.24342054,0.0034751205,1.7069746e-05,0.7503594
jujur awalnya sih kawatir dikarenakan baru pertama kali membeli emas lewat online alhamdulilah ternyata penjualnya jujur dan amanah bakalan jadi langganan terus nih aku. terima kasih,3,4,Sadness,3.2220276e-05,0.0027030474,0.00024414272,2.6515806e-07,0.9970203
tidak sesuai dengan gambar,1,1,Fear,0.12098044,0.77706474,0.00045755616,4.1625495e-05,0.10145569
gak nyala,1,4,Sadness,3.1936732e-05,0.0029316186,0.00025105145,2.542736e-07,0.99678504
pengiriman cepat. barangnya kurang oke tutupnya ga menutup rapat di satu sisi.,4,4,Sadness,0.00047445623,0.042611122,0.00047123808,1.6153955e-06,0.95644164
maaf barangnya kurang bagus filternya di pakai x udh lepas.kecewa,4,4,Sadness,8.38769e-06,0.0013124378,0.00011813235,5.0984404e-08,0.9985611
bukan soal uangnya tapi soal ke amanahannya. kirim barang ada yg nggak dikirimtidak lengkap bukannya berniat dikirim kekurangannya malah belibet saat di inbox berkali kali. alasan macam minta no pesanan dan no resi sudah dikasih tetep aja alesan belibet. salah sendiri kirim brg ngga lengkap. sangat nggak rekomended.,1,4,Sadness,0.0069314344,0.24634601,0.004322488,3.9984192e-05,0.74236
pesen apa dikirim apa ?,0,4,Sadness,1.694314e-05,0.002171725,0.00016438613,1.0830122e-07,0.99764687
boleh murah tp jangan murahan. produk masih banyak reject nya. jahitan berantakan sol banyak longgar dan tidak rapih. pengiriman pun di reschedule di pending se suka hati penjual tanpa memberikan alasan sebab yg jelas. packaging tidak rapih. anehnya foto tidak bisa di upload,1,4,Sadness,0.00013316942,0.010756568,0.00084054813,1.3521803e-06,0.9882684
seluruh barang diterima dalam keadaan baik dan sesuai deskripsi. terima kasih.,2,2,Happy,6.2211443e-06,5.2952797e-05,0.99463356,0.0052451002,6.214945e-05
kecewa dengan pelayanan toko ini. ada barang bermasalah disuruh tekan komplain tetapi kenyataannya ribet dibelakangnya. kapok belanja disini. barang hanya senilai rb tetapi minta video sampai x barang tidak berfungsi masih saja menolak komplain. semoga berkah,4,1,Fear,0.016657224,0.97486794,1.695918e-06,2.524133e-08,0.008473115
positive job respon cepat. paket cepat sampai,2,2,Happy,3.1501509e-06,2.9383436e-05,0.9958165,0.004117358,3.3496603e-05
baru dibuka tapi bentulnya aneh. kaya udah meleleh tapi dibekuin sendiri padahal baru buka dari pengiriman,1,1,Fear,0.023114657,0.7617362,0.0003000075,8.470445e-06,0.21484064
orgdapet barang nya bgs.tapi saya dapet yg patah.,4,4,Sadness,1.9317647e-05,0.002051002,0.00021230159,1.685434e-07,0.99771726
ok nih seal tutup nya juga kuat pas di pencet utk keluarin angin dari kantong gak kebuka. harga murah pula.,2,2,Happy,0.0004941689,0.004382549,0.9751648,0.013697427,0.0062611615
pecah packing kurang aman,4,1,Fear,0.04392367,0.7035398,0.0013121953,4.7793295e-05,0.25117654
bau bgt kayak bau sampah,0,0,Anger,0.867828,0.13185078,9.0318423e-07,7.014205e-07,0.00031960697
barang yg dikirim tidak sesuai motifnya dg yg dipesan kmd diminta untuk mengirim balik brg tsb untuk ditukar tapi tdk sy lakukan krn terlalu banyak effortnya kekurir dan bayar ongkir lagi yg semuanya bukan krn salah customer tapi seller yg ceroboh mengirim.barang tp customer yg kena ongkir retur dan effort tuk ke kurir ditengah pandemi,0,4,Sadness,2.253135e-05,0.0027064206,0.0002450393,1.6705359e-07,0.9970258
beli buah warna pink dikirimnya ungu. tidak ada konfirmasi sebelumnya dan ketika saya ty di dm pun tidak dibalas. ada gantungan masker yg putus juga tapi seller sama sekali tidak membalas dm saya ketika ditanya mengenai ini.,4,4,Sadness,0.010683865,0.4273799,0.00063966674,8.435769e-06,0.5612882
ternyata barangnya kw kirain beneran promo,1,0,Anger,0.7821894,0.21572581,1.4661206e-05,9.077939e-06,0.0020609882
apabila pesanan tidak tersedia jangan kirim selain yg dipesan walau hanya beda warna saya mencari warna merah dikirim warna biru. mengecewakan.,4,4,Sadness,5.819348e-06,0.0010717832,9.377587e-05,3.1079495e-08,0.9988285
mantap barang cepat sampai dan murah,2,2,Happy,7.681175e-06,5.821329e-05,0.99233454,0.0075349114,6.4641936e-05
packing rapi respon cepatt.,2,2,Happy,0.00016087035,0.00067436724,0.89060175,0.10802463,0.00053841237
tidak menerawang. bahannya adem.,2,3,Love,0.00011812724,0.0007098194,0.022830227,0.9761596,0.00018219536
kemasan disegel. spesifikasi sesuai . warna sesuai pesanan.,2,2,Happy,4.227838e-06,3.766298e-05,0.99526715,0.004648048,4.286064e-05
kualitas chargeran jelek bangettt baru tiga hari pakai sudah rusakk,0,0,Anger,0.7866943,0.21199699,6.5566696e-06,3.881869e-06,0.001298217
sangat kecewa. produk terkesan sudah dipacking ulang lembaran dan berat tidak sesuai dengan yang seharusnya.,4,4,Sadness,1.6242799e-05,0.0021422685,0.00015067078,9.83256e-08,0.9976907
gak sesuai gambar disitu gulanya yg hijau kenapa dikirimnya yang kuning sih beda mereka harganya rasanya juga beda lbh enak yg hijau kenapa begini tokped jd pengguna baru malah nyesel,1,0,Anger,0.7868519,0.21240386,2.126971e-06,1.1663845e-06,0.00074088643
buku ori pengiriman cepat dan aman pakai bubble wrap,2,2,Happy,3.455985e-06,3.1802352e-05,0.99564373,0.004284706,3.6249046e-05
kecewa belinya asli packing berantakan kardus penyok bawahnya udh kuningkuning kaya bekas di pakai kecewalah pokonya tolonglah di bagusin.,4,1,Fear,0.06744099,0.9279057,1.8200682e-06,7.3009645e-08,0.00465135
barang bagus.cuma kurang teliti saat pengiriman.kabel charger salah yang magnetik tapi dapat kabel charger usb.selain it ok lah,2,1,Fear,0.27340445,0.72329384,3.4068676e-06,4.4126102e-07,0.003297859
sudah jelas di foto botol pecah masa barang pecah harus tetap di kirim ke toko nya kalau tidak di kirim tidak akan di ganti barang atau kembali kan uang,0,0,Anger,0.55657065,0.44166315,3.046864e-06,8.621954e-07,0.0017622877
barang bagus sesuai harga fast respon,2,2,Happy,5.0433287e-06,4.2716118e-05,0.99452645,0.0053778463,4.8006834e-05
barang sesuai gambarmantulcepat nyampepuas banget,3,3,Love,0.00011579094,0.00067686534,0.020579703,0.9784707,0.00015702382
yeay dapet harga diskon beli box sampai tepat waktu. terima kasih,2,2,Happy,1.0815339e-05,8.624545e-05,0.99354196,0.0062562963,0.00010471959
raknya pecah. packingnya gak ada pengamanan,4,0,Anger,0.8145538,0.1841598,8.803272e-06,6.1879537e-06,0.001271321
kualitas jeleksuara mic udah max suara kecil,4,4,Sadness,0.001278567,0.047442954,0.0011788763,9.4634215e-06,0.9500901
chat saya di read tapi tidak dibalas. krn foto paket jedai dengan barang yg datang tidak sama. kecewa. tidak ada pertanggung jawaban setidaknya balas chat itu etikat yang baik ?,1,4,Sadness,2.2927923e-05,0.0025340868,0.00024639285,1.773394e-07,0.9971963
sangat kecewa dengan pengiriman yang sangat lama dan sangat sangat bermasalah di ekspedisi pengiriman scat dan penjual tidak fast response.,4,4,Sadness,1.1580161e-05,0.0015338927,0.000143389,7.660496e-08,0.99831104
bahannya luntur?,4,3,Love,0.0004661187,0.002084934,0.06719576,0.92946863,0.0007845051
tidak berfugsi,4,4,Sadness,0.0756208,0.4440619,0.002897996,0.00022462198,0.47719473
parah banget nih baju di cuci sekali langsung sablon nya ilangg rontok semua. . parah jelek kualitas nya,0,1,Fear,0.07933337,0.91073054,5.380963e-06,2.207929e-07,0.009930505
memorynya g bisa diread sama pspnya padahal udah diganti sama memory lain,4,4,Sadness,0.0070588295,0.30204505,0.0005561051,6.639532e-06,0.6903333
barang berfungsi dgn baik pengiriman super cepat,2,2,Happy,3.979889e-05,0.00021507141,0.9810002,0.018517563,0.00022746547
pas datang ky bau tape basi ? ga ky yg sebelumnya pesan. kynya sudah rusak,0,1,Fear,0.039621986,0.94925916,4.515004e-06,1.2375116e-07,0.011114243
handuk cantik. material bagus. harga terjangkau. thanks traktirannya tokped handuknya lumayan? mau upload foto keterangan eror mulu?,2,2,Happy,1.6493059e-05,0.000112933296,0.99028325,0.009460467,0.00012693266
material produk bagus. kualitas produk bagus. produk original. ukuran produk sesuai. overall recomended ?thx so much ? ?,3,3,Love,1.1889999e-05,0.00013602701,0.0054701073,0.99436486,1.7024104e-05
ini pembelian ke krupuknya mantap pengirimannya cepat dan tidak ada yang rusak. terima kasih kepada penjual dan kurir sicepat,3,2,Happy,0.00064586353,0.0022471172,0.7458301,0.2496817,0.0015951957
servicenya buruk banget!,0,0,Anger,0.7940652,0.20248874,6.962974e-05,6.127744e-05,0.0033151759
sesuai pesanan tidak ada yg rusak,2,1,Fear,0.040834475,0.9044023,9.5325515e-05,3.2880137e-06,0.054664664
terima kasih barang sudah di terima tapi lain kali tolong di packing yang baik soalnya yang saya terima hanya aja,1,2,Happy,0.00024866872,0.0011411951,0.9657823,0.031649563,0.0011782197
lebih kecil. ndak muat di mesin cuci elextrolux overal bhanya bagus anti air,1,4,Sadness,9.059655e-06,0.001395262,0.00012351866,5.5473173e-08,0.99847203
tombol rt tidak berfungsi mau retur ongkir bolak balik setengah harga stick nya kecewa aja gk di test dulu sebelum pengiriman.,4,4,Sadness,7.892744e-06,0.0013002454,0.000110647496,4.390519e-08,0.9985813
kualitas kurang bagus kertasnya tipis bukan buku original,1,4,Sadness,1.1792029e-05,0.0016467052,0.00015500693,7.9751956e-08,0.9981864
bahan nyan lembut dan empuk enak dan tidur jadi lebih enak gak pegel pegel lagi pas bangun tidur bye bye salah bantalmaterial bagus dan halus. ukuran sesuai. bagus banget. harga terjangkau.,3,2,Happy,4.016061e-05,0.00021970183,0.9818725,0.017643921,0.00022367685
respons cepat barang ok semua. terimakasih seller dan toped.,2,2,Happy,6.6727525e-06,5.485374e-05,0.994107,0.005768575,6.290812e-05
baguuussss packing rapui cepat sampai terimakasih seller. sukses selaluu.,3,2,Happy,5.538297e-06,4.6571426e-05,0.99442345,0.005471637,5.2769123e-05
produk bagus. paking aman rapi. respon kirim cepat.,2,2,Happy,3.1469665e-06,2.9267636e-05,0.9957761,0.0041582864,3.3209515e-05
tutup retak sehingga saat diterima sudah lepas dari markernya. marker jadi kering. kecewa banget.,4,1,Fear,0.28989193,0.6925384,5.835629e-05,9.753188e-06,0.017501611
bahannya adem. nyaman dipakai.,2,2,Happy,6.8476143e-06,5.4117896e-05,0.99336445,0.0065139905,6.0678216e-05
mantap sesuai.,2,3,Love,0.00015888353,0.00076081324,0.20978265,0.7889707,0.0003270203
ok barangnya. murah meriah jadi gampang pindahpindahin gas galon dll,2,1,Fear,0.08431238,0.6640904,0.103227675,0.036548406,0.1118212
waktu itu beli di ecommerce sebelah bagus banget jahitannya rapi. tapi kenapa pas beli di sini jahitannya nggak rapi. kayak buru buatnya ? serius sih agak kecewa. padahal udah excited banget. semoga pas mau beli lagi nggak kayak gini ya ?,4,2,Happy,5.177643e-05,0.00033325783,0.98781306,0.011383019,0.00041891524
mantap proses pengerjaan dan pengiriman juga barang sesuai dengan deskripsi,2,3,Love,0.00016120251,0.0008131977,0.13227516,0.86645514,0.00029525807
keripik ususnya rada bau bangkai rasa asin banget. saya me review karena saya memang kecewa atas kualitas kripik usus yang bau menyengat. harusnya anda menjadikannya bahan introspeksi bukannya malah menuduh saya kompetitor anda. toko macem apa ini!,0,0,Anger,0.7760499,0.22319165,1.815709e-06,9.049462e-07,0.0007557642
mantaaappp biasanya langganan,3,3,Love,0.00082658924,0.0031880331,0.025047382,0.9701885,0.0007494112
produk original . dijamin termurah. nyaman dipakai .,2,2,Happy,8.482934e-06,6.470488e-05,0.9927383,0.007115963,7.255994e-05
gak nyala padahal batt udah baru. anak sy jd kecewa. mau ditukar jg barang cm brp ribu,4,4,Sadness,1.5630316e-05,0.0019020163,0.00015211276,9.507346e-08,0.99793017
kaki tripod rusak tdk bs terkunci di angkat lsg turun,4,1,Fear,0.06428965,0.8840211,0.000120235556,5.6640097e-06,0.051563315
packing rapi dan memuaskan mantabh,3,2,Happy,0.00021049638,0.00089883193,0.70106906,0.29729214,0.0005294844
recommended seller produk sesuai dengan yang dijelaskan oleh seller. pengiriman dan respon seller super duper cepat,3,2,Happy,0.0005177943,0.0018376993,0.65559727,0.34084186,0.001205423
packaging simpel. proses pesanan cepat. packaging aman . packaging rapi.,2,2,Happy,3.2071705e-06,2.9724728e-05,0.9957436,0.0041898144,3.37394e-05
pengemasan lama. pengiriman lama sekali bangett. pelayanan buruk admin burukk. barang penyokk .,0,0,Anger,0.78109175,0.21509859,5.8371603e-05,4.684157e-05,0.0037044242
barang tidak sesuai yg di pesan. warna pudar .kancing yg di pesan yg di kirim model kancing,4,1,Fear,0.10140291,0.89121306,5.1178317e-06,3.092974e-07,0.0073785465
barang bagus dan berfungsi dengan baik. hasil pengepelan juga bersih. pengiriman cepat.,2,3,Love,0.00037088335,0.0015502464,0.26873308,0.7287174,0.0006284162
bagus banget barang nya aku kan pake promo lagi jadi nya terjangkau banget buat anak sekolah kaya aku,3,2,Happy,3.69702e-05,0.00019835912,0.9799984,0.019554565,0.00021172747
kainnya tebel murah dan manfaat utk menutup latar belakang ketika zoom meeting. pengiriman juga cepat. makasih,2,2,Happy,0.00030210966,0.0014921813,0.96486604,0.03137101,0.0019685854
bukan orlee yang dikirim. payah,0,0,Anger,0.8301148,0.16919,3.0108877e-06,2.0443138e-06,0.00069021335
lampunya berfungsi nyala lumayan remangremang kekuatan batere di jemur seharian cuma jam. barang yg sampai soket bautnya patah jadi sedikit terbuka.,4,2,Happy,9.667083e-06,7.319599e-05,0.99273986,0.0070941956,8.309155e-05
beli dipakai dua hari udah hangus. kapok beli disini. catridge gak sampe seminggu.,1,0,Anger,0.6139264,0.38468793,2.8109298e-06,8.917825e-07,0.0013819906
suka banget ama slamenya bonusnya byk. pengiriman cepat semoga makin sukses seller,3,3,Love,0.00041218247,0.0016347406,0.31567603,0.68149024,0.00078677136
d produk yang d jual mereknya alus shoes tp pas nyampe mereknya tumpah pesennya warna cream datengnya coklat muda ?,1,4,Sadness,0.002285743,0.07172299,0.1502985,0.0007829849,0.77490973
respon admin oke ekspedisi kurir aman packing ergonomis dan selamat sampai tujuan. minus tidak ada perbandingan barang sesuai foto testi saya. harga dan barang sesuai dan baterai normal ya gan.,2,2,Happy,7.138333e-06,5.732227e-05,0.9937687,0.0061017405,6.513478e-05
barangbarang nya bagus. dan kurirnya rela mengantarkan walupun gerimis. salut sama kurirnya? ?,3,1,Fear,0.10074879,0.4302769,0.19569634,0.1489667,0.12431134
tdk sesuai gbrdeskripsi,1,1,Fear,0.08516396,0.5391719,0.0053483723,0.0005003366,0.3698155
sesuai deskripsi aman buat kulit bayi. melembabkan kulit bayi. nggak memicu alergi. nggak lengket.,2,2,Happy,3.0247775e-06,2.8366867e-05,0.9958406,0.0040957863,3.222404e-05
barangnya bagus praktis dan harganya murah. ga salah pilih produk dari blueprint. original merk. respon penjual cepat dan ramah. rrcommended,3,2,Happy,6.206567e-05,0.00030840296,0.9749619,0.024338752,0.0003289172
real pict real spek packing rapih dan sangat aman walaupun kertas printer thermal tp dikasih label fragile sellernya recomended sekali mantaaabbbss ?,3,3,Love,3.0351846e-05,0.00027383826,0.0031630017,0.9965056,2.7216898e-05
teksturnya keras. hasilnya awet. beneran waterproof. gampang dipakai. gampang dibawabawa. proses pesanan cepat. penjualnya ramah banget. packaging aman . packaging rapi. respon penjualnya top.,2,2,Happy,1.0767175e-05,7.97481e-05,0.9922863,0.007531291,9.19379e-05
produk yg dikirim tdk on alias mati produk rusak yg dikirim sbg konsumen sy dirugikan,4,1,Fear,0.33191678,0.66540134,1.7467237e-06,2.559085e-07,0.002679908
lilinnya kecil tdk.sesuai gambar. pdhl sy perlu angka yg sesuai gambar. buat nemenin angka yg lainnya .,1,1,Fear,0.02104587,0.6990122,0.00053479197,1.3412205e-05,0.2793937
beli dua beda warna xxl datang beda ukuran. warna hitam ukuran l dimasukin ke xxl. parah. itu sih bukan toleransi ukuran lg kl beda segitu.,0,4,Sadness,2.5827692e-05,0.0032260567,0.00016706629,1.398954e-07,0.996581
kualitas kurang,4,4,Sadness,0.03409995,0.38704205,0.0023930813,9.990932e-05,0.57636505
hanya dikirim tutupnya saja,4,1,Fear,0.07669187,0.66432995,0.001481043,0.00011746349,0.25737968
barang tidak dikirim deli raja drama di ecom sini atupun oranye. jangan lagi beli disini kalo mereka ngadain promo. saat complain dan mau kekurangan barang dikirim pun tidak di acc alasan stok kosong. jadi dana dikembalikan sesuai harga promo. kalo ga niat bikin promo tolong ga usah bikin kalo nama deli jelek kan deli sendiri yang rugi. bye ga akan beli deli lagi,0,0,Anger,0.84822094,0.15142126,9.321775e-07,6.364978e-07,0.000356306
butut konyol minta kuning di kasih ijo stabilo barang jelek,0,0,Anger,0.7236774,0.27451602,9.100379e-06,4.569757e-06,0.0017928934
barangnya ga ada,1,4,Sadness,0.0001148854,0.0076514017,0.00045963083,9.97899e-07,0.99177307
wow wow sangaat praktis euy tapi emang harganya mayaan sihh rasanya enak mantul bakal repeat order nihh,3,3,Love,6.6874613e-06,8.842182e-05,0.0011310875,0.9987679,5.7748125e-06
pesen dikirim,1,4,Sadness,7.693846e-05,0.0052355463,0.00044089375,7.800657e-07,0.9942458
masker tertipis yang pernah saya beli,0,3,Love,0.00010601159,0.00063689565,0.013263695,0.98586833,0.00012501598
fittingnya kurang sesuai dgn apa yg diharapkan sih. tapi bahannya enak lah,4,4,Sadness,7.218795e-06,0.0011874129,0.00011026139,4.19589e-08,0.9986951
belum dicoba pengiriman lama,0,0,Anger,0.65140295,0.34095758,9.0917936e-05,4.3182452e-05,0.007505446
ini pembelian saya yg kedua pmbelian yg sbelumnya potnya semua bagus yg kedua ni saya beli pot dan kyk ada bekas tembelan plastik retak saya beli dan semuanya sprti ini.,4,4,Sadness,1.2675512e-05,0.0017148006,0.00017959897,9.533503e-08,0.99809283
terbaikkk sayang banget emasnya gemoy,3,4,Sadness,0.029988894,0.12525727,0.040454246,0.03702087,0.7672787
barang original pengiriman sesuai estimasi sukses terus gan,2,2,Happy,7.721588e-06,6.1098675e-05,0.9934371,0.006424798,6.920396e-05
ada wrna yg salah jdi kecewa deh?,4,4,Sadness,0.0025110387,0.03466329,0.001990215,3.519329e-05,0.9608003
packaging baik. barang utuh dan sudah dikirim ke anggoto keluarga isoman. semoga membantu pemulihan. sering promo ya real food. sukses selalu ?,2,2,Happy,5.3198197e-05,0.00027231537,0.97713214,0.022258105,0.00028428828
lom cobatp seperti nya warna bagus pengiriman standar packing rapi tks,2,2,Happy,0.00011826672,0.00054759876,0.97047645,0.02825791,0.00059978885
bagus. sesuai ekspetasi. original. pengiriman cepat. cuma pada bagian tombol adjust agak masuk kedalam jadi agak susah ditekan. kalau tombolnya bagus aku langsung kasih bintang hehehe,2,2,Happy,5.9425806e-06,4.8315447e-05,0.9940157,0.0058754687,5.456114e-05
sesuai ekspetasi?,2,2,Happy,8.36316e-05,0.0003785432,0.9690442,0.030089397,0.00040419257
kirain bahannya katun ternyata tipis bangeet licin dan lemas kalau dibawa jalan kaki berisik bahannnya,4,4,Sadness,1.49056505e-05,0.0020486605,0.00014527967,8.945322e-08,0.9977912
barang bagus kualitas oke,2,2,Happy,1.0076318e-05,7.3395575e-05,0.99168324,0.008152025,8.126165e-05
pengemasan cepet banget dan sangat baik. pengiriman jgn diragukan cepet bgt. pake instant bener bener instan. jam . pesen. . sampe. mantul. produk kualitas bagus,2,2,Happy,0.0009830395,0.0031935244,0.83950216,0.1537186,0.0026026263
barang original dan masih segel proses cepat tidak sampai satu hari barang sudah sampai padahal pengiriman menggunakan bebas ongkir barang dibungkus dengan bubble wrap tebal saat pengiriman jadi aman.,2,2,Happy,0.0005442539,0.004780678,0.97465295,0.011264693,0.008757344
kemasan hancurrr pecah berantakan. ga jadi kepakai. ssmoga kedepannya lebih safety lagi packingnya.,1,0,Anger,0.6412511,0.35719457,3.4957152e-06,1.2868886e-06,0.0015495161
pengiriman sangat lama,0,0,Anger,0.66941714,0.3178567,0.00023892474,0.00013195256,0.012355294
brg sesuai deskripsi sukses selalu,2,2,Happy,1.9479889e-05,0.00012705389,0.9887234,0.010991936,0.00013807967
waaah seneng bgt beli peralatan tulis di joyko lengkaaap barangnya bagus semua harga terjangkau sellernya fast respon anak happy top deh pokoknya ?,3,3,Love,2.5757531e-06,4.3824337e-05,0.001272074,0.998678,3.4860907e-06
kotak tidak dapat dirakit. bahan terlalu tipis. dan ada bagian yang patah ketika diterima krn packing tdk baik. saya tdk komplain krn unt un boxing barang murah hanya wasting time. bulan ini saya belanja item. tiap barang un boxing waduh repot.,4,1,Fear,0.03774702,0.6976137,0.000502062,1.9649848e-05,0.26411754
puas banget rekomen deh toko ini buat yang mau beli cat pilok di sini pengiriman nya cepat secepat kilat semoga banyak yang beli di toko ini amin terimakasih banyak ya ?,3,3,Love,5.9816164e-05,0.000437455,0.022141095,0.9772739,8.78339e-05
alhmdllh pkt ny dah smpe.ank seneng bgt klu makan sama sarden abc.makasi sellertokopedia.,3,1,Fear,0.1009599,0.86885506,0.00012695759,1.3985694e-05,0.030044092
barang tidak sesuai yang dipesan. pesan yang aneka warnaternyata yang datang hitam smua,4,1,Fear,0.063682824,0.92649364,5.8341307e-06,2.457608e-07,0.009817509
baru kali ini beli di toped pelayanan mengecewakan sekali jasa pengiriman diganti tanpa pemberitahuan dan akhirnya pengiriman telat. payah.,4,4,Sadness,0.00029678657,0.029173799,0.0014620668,2.9611538e-06,0.9690644
bahan tebal bagus cepat sampai terima kasih,2,2,Happy,3.078652e-06,2.874233e-05,0.9958187,0.0041168975,3.259636e-05
tidak menerawang. mudah dibentuk. warnanya cantik . pesanan cepat sampai. baru pertama belanja d toko ini tidak mengecewakan.,2,4,Sadness,5.6947647e-06,0.00104884,9.409909e-05,3.1099894e-08,0.9988513
produk bagus ukuran pas original,2,2,Happy,5.300267e-06,4.462785e-05,0.994544,0.0053551965,5.0822066e-05
sudah terpasang dgn kaca sesuai ukuran yg dipesan. rapi dan kaya kaca mata mahal. mantab. thanks too buat cairan lens cleanernya.,2,4,Sadness,0.0012609466,0.098917075,0.013181888,4.8311445e-05,0.8865918
mksh paket dah sampai dengan cepat bahannya bagus saya suka?,3,2,Happy,3.7095097e-06,3.335984e-05,0.99537694,0.004548002,3.7893475e-05
mantap boss.,3,3,Love,0.00013486405,0.0006902205,0.098915264,0.90000826,0.00025145823
bagus sesuai,2,2,Happy,1.0092469e-05,7.265774e-05,0.99134797,0.008488169,8.117655e-05
respon cepat bungkus rapi rasa enak.terima kasih,2,2,Happy,0.013141094,0.028569272,0.65002996,0.29020646,0.018053232
quality control ny tdk teliti yg kuning ada lubang ny sedikit.,4,1,Fear,0.08290618,0.9097881,3.5643523e-06,1.717225e-07,0.0073020286
bahannya bagus jahitan rapi tebal tdk menerawang udah x beli di toko ini dan hasilnya memuaskan respon penjual cepat dan kiriman jg cepat,2,2,Happy,1.1592503e-05,8.393378e-05,0.9918134,0.007996391,9.4654824e-05
pegangan kokoh dan stabil. packaging aman dan bagus luar biasa. barang sesuai deskripsi.,3,2,Happy,5.5252317e-06,4.7406316e-05,0.99473876,0.005153515,5.4832828e-05
jelek banget mic nya. gak nyala. kabel cuman cm. akhirnya cuma dipake bando nya doang dan mic pake lavalier yang ada,0,0,Anger,0.78029424,0.21893692,2.0362577e-06,1.1355833e-06,0.0007656256
tidak sesuai pesanan pesan warna merah putih yg dikirim warna lain,4,1,Fear,0.01601583,0.93416005,2.5537904e-05,3.6689173e-07,0.049798243
respon cepat barang sesuai pesanan,2,2,Happy,5.2954597e-06,4.477636e-05,0.9945351,0.0053641624,5.070764e-05
kualitas buruk sekali isi juga tidak penuh. sudah lapis x juga tetap saja tidak merata hasilnya kami jadi rugi bayar ongkos tukang. lebih baik beli cat merk lain saja deh harga memang tidak pernah bohong.,4,1,Fear,0.38895407,0.6081769,3.7321238e-06,6.5741904e-07,0.0028647014
bocorr isinya,4,0,Anger,0.672356,0.31807742,0.00015846611,8.822903e-05,0.009319852
pesan dari kota tangerang tiba dikirim dari toko cabang hadiah tidak ada.uda komplain dan banding tanggapan tokopedia n official store tidak baik belanja ditoko online lain ga pernah trik ky gini uda salah ga mau ngaku salah.pas cekout uda ulang diliat bener ini kirim dari kota tangerang sudah screenshot juga itu yg dibeli saya juga bisa liat mana yg toko cabang mana yg dari tangerang hatihati utk pembeli lain jangan sampai ada yg kena ky saya.,1,4,Sadness,0.00015640845,0.015356797,0.00055078644,9.691341e-07,0.98393506
bahan kulitnya panas kursi kurang empuk standar aj.,4,4,Sadness,1.5888252e-05,0.0020125934,0.00016242286,1.0637965e-07,0.997809
bahannya lembut. anti slip. ukuran sesuai. bahannya tebal. warnanya cantik .,2,2,Happy,2.9479877e-05,0.00018718146,0.98826677,0.011284122,0.0002324553
barang dateng dengan kondisi baik pengiriman sesuai estimasi dan seller fast respon. terima kasih ?,2,2,Happy,3.0883257e-05,0.00020523115,0.9889865,0.01053968,0.00023766125
bagus nih.sensor nya ok bgt. pilihan suara utk alarm jg oke lah. akirnya dpt alarm clock yg sesuaiiii,3,2,Happy,0.000142553,0.00063376385,0.9666663,0.031861145,0.0006962506
mantap proses dan pengiriman sangat cepat pokonya puas ! dah gitu aja,3,3,Love,0.0004226394,0.0018541096,0.30543327,0.6915189,0.00077106874
jam tangan nya rusak ga bisa dipakai sampai rumah. anak sy menangis dan kecewa,4,4,Sadness,1.7868018e-05,0.0022395265,0.00017270108,1.118443e-07,0.99756986
pengiriman cepat tapi ga tajam sama skali bahkan untuk ranting kecil sekalipun butuh tenaga lumayan saat digunting.,4,4,Sadness,2.6135418e-05,0.003294826,0.00019058917,1.5651361e-07,0.99648833
desain ergonomis. tekstur empuk. bayi jadi tenang. gampang dipakai,2,2,Happy,1.7154842e-05,0.000113196926,0.98918545,0.010556806,0.00012744877
selalu repurchase deh buat produk ini. selain untuk bulu mata ini juga oke banget buat ngerapihin alis akuuu dan tentunya terlihat natural yaaa,3,3,Love,3.35523e-05,0.00027855588,0.020481335,0.97915673,4.9836788e-05
keyboard tdk nyala sama sekali padahal baterai baru dicoba beberapa kali tdk bisa memang lebih murah dari toko lain barang tdk bisa sama saja bohong,0,1,Fear,0.002965343,0.7078636,7.4943826e-05,3.083242e-07,0.28909576
puaasss selalu langganan disini bikin duplikat akses ku proses cepat eh ada bonus nya juga ya terima kasih kak ?,2,3,Love,5.593099e-05,0.00041283562,0.021233547,0.9782113,8.639841e-05
parah ini toko ga ada tanggung jawab nya,1,1,Fear,0.1655978,0.82022977,1.9959447e-05,1.7943437e-06,0.014150696
bawahannya ada bolong ? pengen retur tapi sayang ongkirnya buat kirim balik ke tokonya jauh di tasikmalaya. tolong sebelum kirim di cek dulu kualitasnya biar ga gini.,4,1,Fear,0.08670786,0.9006978,1.1301747e-05,6.627472e-07,0.012582391
pesannya hitam datang barangnya biru kesal kali dan malas komplain,0,4,Sadness,9.110143e-06,0.001353909,0.00012262903,5.7510952e-08,0.99851424
barang rusak di jual emang ngehek,0,0,Anger,0.81142914,0.1875608,4.8803768e-06,3.1547788e-06,0.0010021346
order pink dateng birumales balikin krna rugi ongkir.terpaksa terima apa aday,4,1,Fear,0.13598034,0.7567807,0.0010841379,0.00018563676,0.105969176
kecewa hadiahnya tdk dtg sesuai info dan tdk dikbrin jg tdk ada ?,4,4,Sadness,7.7247105e-06,0.001304604,9.754409e-05,3.9568206e-08,0.99859005
barang dan pengiriman sesuai.suara alarm kurang begitu kenceng. alarm clock agak mengarah keatas jd display pd jam hanya akan terlihat lbh jelas bila posisi mata qta lbh tinggi dr posisi jam.,2,4,Sadness,5.845784e-06,0.0010604231,9.511088e-05,3.1331815e-08,0.9988386
penjual apaan. barang gak diterima. diajukan pengembalian dana malah hr ini dapat notif sdh selesai dan dana akan diteruskan ke penjual. woi. balikan dana saya,0,0,Anger,0.8644035,0.13532475,6.6354016e-07,4.9791123e-07,0.00027055753
sdh claim percuma tidak ada prnggantian dan tgg jwb pihak dettol blg kesalahan pengirim dan byr insurance pun percuma tdk di ganti jg cape deh,1,1,Fear,0.4135445,0.5842283,2.5330492e-06,4.665809e-07,0.002224153
respon cepat barang bagus,2,2,Happy,1.6477965e-05,0.0001099241,0.9896383,0.010112091,0.00012322133
produk sesuai deskripsi. semua fitur berfungsi baik. ukurannya sesuai. bahannya bagus. wow diluar ekspetasi.,2,2,Happy,5.3350004e-06,4.477083e-05,0.9943895,0.0055102417,5.0120725e-05
bahannya ternyata panas dan ga nyerap keringat. yah namanya ada rupa ada harga ?,4,4,Sadness,7.597573e-06,0.0012596356,0.000111815476,4.4221512e-08,0.99862087
highly not recomended seller! pesan apa yang dikirim apa. tidak ada itikad baik tanggung jawab dr seller. mohon teman yang lain agar lebih berhati ya.,1,1,Fear,0.4384316,0.558453,5.3152007e-06,1.206371e-06,0.0031088311
gak sesuai expektasi dengan bahan toolsnya. dari gambar terlihat kuat tapi pas sampai seperti besi gak kokoh. karena dapat harga murah jadi gak terlalu kecewa. klo dengan harga asli rb keatas. pasti saya kecewa belinya. mending pasang harga yang wajar ya.,4,4,Sadness,9.729736e-06,0.0014885659,0.00014301452,6.255678e-08,0.99835855
respon lama. tidak koperatif,0,4,Sadness,0.02574203,0.37216726,0.0040780497,0.00014132266,0.59787136
bagus so far berfungsi dengan baik,2,2,Happy,3.1397158e-06,2.9047054e-05,0.9957146,0.0042202706,3.289856e-05
kualitas produk sangat mengecewakan bahan yang di gunakan tipis.barang datang dengan keadaan begitu dan tidak di ganti baru.,4,1,Fear,0.011852559,0.539059,0.00056301063,9.393598e-06,0.4485161
kualitas kurang bagus kalau di pegang masih masih terasa banget seperti stiker dan benar setelah di tes gampang terkelupas not recomended kualitas begini banyak yg lebih murah,4,1,Fear,0.02279765,0.94194967,3.418315e-05,9.1360545e-07,0.035217628
produk nya ok.kaca bersih karet nya ok. kain pembersih nya ok jg bersihin kaca walopun di awal sudah dipasang,2,2,Happy,5.3628e-06,4.561424e-05,0.99464154,0.0052552265,5.224235e-05
tas nya bagus banget. bahannya juga tebel pengiriman barang juga cepat,3,2,Happy,0.000111795365,0.00057202857,0.9738643,0.02476324,0.0006887083
packing kardusnyasperti udh di buka. gk rapih.,4,1,Fear,0.18324642,0.32801142,0.099137336,0.25490835,0.1346965
barang dibilang ready. ga taunya ga dikirim.maen refund aja.,0,4,Sadness,0.0052883653,0.3336922,0.00066965324,4.4114577e-06,0.6603454
beli buah tapi hanya dikirim dan dengan enaknya ngomong pengembalian dana. be careful jangan memang tokonya sengaja ?,0,0,Anger,0.76538867,0.2328585,1.0146827e-05,5.654275e-06,0.001737071
barang bagus dan cepat sekali sampainya ke cianjur hanya hari.best seller,2,3,Love,0.00025883122,0.0010955926,0.4571001,0.5409988,0.0005466487
barangnya bagus banget kak tahan lama jg,2,2,Happy,0.00016685658,0.0007143115,0.89463896,0.10390013,0.0005797704
kecewa pesan apa cat sepatu yang di kirim malah lem lagi. hadeeeh. ya sudah lah yg pasti sih kecewa.,4,4,Sadness,8.024339e-06,0.0012823519,0.000111402405,4.4523745e-08,0.99859816
kakinya gampang diatur. berfungsi dengan baik. kualitas sesuai harga.,2,2,Happy,1.401236e-05,0.00010979025,0.9931625,0.0065718256,0.00014187292
setelah dipakai selama beberapa hari suara menjadi tidak jelas apakah produk ini ori? saya liat di sarung seruling itu bukan made in indonesia tetapi di serulingnya itu made in indonesia apa itu yamaha kw?,1,1,Fear,0.04979551,0.94415176,2.425861e-06,8.0129595e-08,0.0060501792
worst service!,0,3,Love,0.0011313256,0.004278688,0.061562255,0.93150306,0.0015246664
barang sesuai terima kasih,2,2,Happy,7.1470163e-06,5.744758e-05,0.993741,0.0061296797,6.481385e-05
batre tidak sesuai ukuran dan tidak ada nano receiver.,4,1,Fear,0.050402787,0.93501806,8.389231e-06,2.9829013e-07,0.01457042
ngirim keluar daerah.jangan pake kurir anteraja bosku.ke pelosok dia gk masuk.karna gk punya cabang didaerah kecil,1,4,Sadness,8.112468e-05,0.0057502156,0.00048113056,8.043535e-07,0.9936866
barang sdh tiba dengan selamat. trimakasih ?,2,2,Happy,3.2998374e-05,0.00022556879,0.98999244,0.009467344,0.00028162857
paket cepat sampai dan terbungkus rapih dengan bubble. terima kasih toped kurir dan sellerkualitas product bagus. material bagus. harga terjangkau. recomended.,3,2,Happy,5.9733342e-05,0.00029217967,0.97450507,0.024841713,0.0003012731
harganya murah kualitas barangnya keren abis.gak nyesel dah belinya,2,2,Happy,7.467183e-05,0.00033144574,0.96495503,0.034313455,0.00032537256
pel nya lebih kecil dibanding dengn spin mop merk lain jadi kalo nyimpen ga ngabisin banyak space bahan lumayan tebel ?,2,4,Sadness,0.0045288876,0.14648435,0.0013046438,1.961288e-05,0.8476624
sdh sering repeat order.mantap,3,3,Love,0.00016201947,0.00084100984,0.049777243,0.94894016,0.00027953472
kardusnya penyot packingnya kurang aman terus katanya dpat gratis pc masker padahl gak ada!,0,1,Fear,0.056070674,0.9336345,5.5934515e-06,1.9157874e-07,0.010289042
enak banget. bikin ketagihan,3,3,Love,1.7314638e-05,0.00017130689,0.0054877265,0.9942985,2.5187315e-05
pengiriman cepat. pesanan sesuai. gak ada cacat. packing aman ?,2,2,Happy,2.4515595e-05,0.00015286489,0.9874643,0.012190231,0.00016808885
barangnya cukup bagus,2,2,Happy,6.5835297e-06,5.358529e-05,0.9939911,0.0058874274,6.131795e-05
barangnya original. ada garansi resmi. suaranya jernih. desainnya modern. nyaman dipakai lama. koneksi bluetooth kuat. material premium. baterai tahan lama. noise cancellation mantap. kabelnya kuat. bassnya mantap. suaranya gurih. harganya terjangkau. value for money. koneksi ke apple lancar. koneksi android lancar. suaranya bersih. nggak kresekkresek. penjualnya ramah banget. proses pesanan cepat.,2,2,Happy,1.5768046e-05,0.00010976877,0.99097776,0.008769844,0.00012686019
kecewa karna tidak teliti saya pesan pcs yang dikirim cuman pcs emang akhirnya dikirim ulang tapi tetap kecewa karna berakibat keterlambatan datang dan tidak bisa di bawa pulang kampung. saran agar lebih teliti lagi walaupun barang murah,4,4,Sadness,8.002048e-06,0.0013113839,0.00010507401,4.2001833e-08,0.99857545
yg di pesan warna ngga sesuai klu memang ngga ada bilang aja ngga ada jgn bilang ada saya ini beli bukan minta.,0,0,Anger,0.86919636,0.13054274,5.8767057e-07,4.398789e-07,0.00025990643
mienya enak favorit keluarga. sudah langganan beli mie sedap di toko os packing rapi dan dpt bonus. makasih ya?,3,3,Love,4.5772806e-05,0.00036042675,0.016293216,0.98323244,6.807677e-05
tidak ada pengaruh besar kecil suara .,1,4,Sadness,0.00013695398,0.010132538,0.00039456534,8.93124e-07,0.989335
nyaman dipakai. modelnya cantik .,2,3,Love,0.00011326404,0.0006033077,0.11502071,0.88406193,0.00020073305
tidak menerawang. mudah dibentuk. jahitan rapi. nyaman dipakai. warnanya cantik . modelnya cantik . bahannya adem.,3,3,Love,5.6135177e-05,0.00043922957,0.017972142,0.98144734,8.523214e-05
maaf barang berfungsi.tapi sayang kalo d pake d tv beresolusi fhd gambar tetep pecah,1,4,Sadness,2.2314027e-05,0.0024584224,0.0002127982,1.789127e-07,0.9973062
komik asli pengemasan tebal diisi bubble wrap pengiriman cepat ?,2,2,Happy,9.485141e-06,7.4054704e-05,0.99318963,0.0066421786,8.4582236e-05
gueeeercep pol! nanya di jam jam transaksi jam barang udah sampe dari tangerang ke sudirman. packing terbukti aman karena saat pengiriman terjadi hujan instant courier pas unboxing isi paket tetap kering! sukses terus gan! recsel!,2,2,Happy,0.00016866079,0.0009837273,0.98064053,0.017032236,0.0011748874
packing rapi dan aman pengiriman cepat produk sesuai pesanan. makasih buat bonusnya,2,2,Happy,8.692297e-06,6.563234e-05,0.99238926,0.0074642766,7.2162125e-05
pengemasan cepat dan datang nya juga cepat. thank you seller and kurir,2,2,Happy,8.317507e-06,6.596758e-05,0.9934738,0.0063767377,7.514095e-05
ukuran xl baju oke tapi celananya tdk xl kekecilan. baju bisa pakai celana tidak? baju yg dikirim celananya robek pas di jahitan tdk di check dulu sblm kirim.,4,4,Sadness,1.0929399e-05,0.0017942718,0.00011949725,5.850799e-08,0.99807525
mantap gan? produk original. barang sesuai deskripsi. produk berfungsi dengan baik.,3,2,Happy,7.620936e-05,0.00035392056,0.9585644,0.04066302,0.00034248605
barang tdk di packing.hanya pake kantong plastik dan kaleng nya pd rusak semua.pengiriman sangat lama.saya sangat kecewa dan tdk akan belanja di toko ini.parah sekali service nya,4,4,Sadness,6.672229e-06,0.0011741528,9.7961805e-05,3.5453212e-08,0.9987212
mantap surantap,3,3,Love,0.00013486405,0.0006902205,0.098915264,0.90000826,0.00025145823
saya sungguh kecewa dg membeli masker produk ini krn isinya yh seharusnya dos pieces ternyata ada pieces masker tdk ada talinya shg tdk bisa digunakan sebagaimana mestinya mohon perhatiannya tks,4,4,Sadness,7.753991e-06,0.0012284619,0.00011755689,4.582859e-08,0.9986463
jelak. ada yg patah pedang pada meletot semua apa lagi warna ya ada yg salah. fatal,0,4,Sadness,0.0020975,0.09848676,0.00089665165,8.124863e-06,0.898511
respon cepat dan barang cepat sampai. terima kasih.,2,2,Happy,5.8876885e-06,4.8927282e-05,0.9942689,0.0056206444,5.5613975e-05
respon penjualnya top.,2,2,Happy,2.3919072e-05,0.0001585217,0.9890534,0.010590955,0.00017323432
sangat tidak cocok dgn yg tidak suka manis. ini minuman manis bgt dan rasanya artificial mangga bgt. salah untuk yg expect ini minuman seger dan fresh dr mangga buah.,1,4,Sadness,2.3645447e-05,0.0028581787,0.0001757027,1.4131814e-07,0.99694234
bakal langganan packing amaannnnnnn ?,3,3,Love,2.3929024e-05,0.00020795022,0.007819325,0.9919138,3.4958994e-05
sudah dipasang bagus deh.,2,3,Love,0.0002717746,0.0011426053,0.20936589,0.78865045,0.00056928734
pengiriman cpt produknya bagus bahannya tebal tidak menerawang warnanya juga bagus puas pokoknya sukses buat tokonya,2,2,Happy,9.394435e-06,7.1466806e-05,0.9927268,0.0071117682,8.0517755e-05
lain x waktu pengiriman harap lebih cepat. yg lainnya sdh bagus!,2,4,Sadness,9.209719e-06,0.0013662049,0.00013620465,6.1689235e-08,0.9984884
infra red nya jelek suka mental ke mana,4,0,Anger,0.831201,0.16770653,7.55618e-06,5.7666903e-06,0.0010791303
kucingnya muntah muntah,1,3,Love,0.0023122737,0.007813836,0.050050136,0.9372894,0.002534269
beli ezviz cn dan sudah terpasang duaduanya. mudah untuk dipasang sendiri dan di setting sendiri barang original. gambar cukup jelas pan and tilt sangat membantu untuk menemukan sudut pandang yang optimal untuk memantau. terima kasih seller.,2,2,Happy,0.00024218428,0.0009878994,0.9590069,0.038693193,0.001069754
barang rusak,0,1,Fear,0.35980898,0.6082252,0.0002279667,4.8307676e-05,0.031689532
ini si bukan mobil hotwheels. nggak sesuai sama iklan. mengecewakan,4,4,Sadness,0.00039832064,0.010421134,0.001536698,1.1197102e-05,0.98763263
barang sesuai dan pengiriman cepat,2,2,Happy,6.2167046e-06,5.08049e-05,0.99398166,0.0059040706,5.7172718e-05
barang sesuai dan datang dengan selamat,2,2,Happy,4.0390614e-06,3.5956633e-05,0.995248,0.0046712263,4.0753534e-05
barang sudah sampai packing aman pke bublewrap pengiriman cepat pesan kmren pgi tdi pgi udh datang lgi kurir ramah dan langganan terimakasih tokopedia,2,3,Love,0.0005293704,0.0020089254,0.30510277,0.6915419,0.000816981
duanya lagi goib,0,3,Love,8.076282e-05,0.00050765765,0.019832375,0.9794489,0.00013030224
kotak paket nya kegedean coklat gak dibungkus bubble wrap atau kotak paket gak ada tambahan kertas pengisi jadi bentuk coklat nya udh amburadul semua,1,4,Sadness,6.5227428e-06,0.0011577153,0.00010854362,3.8689965e-08,0.99872714
mantap barangnya cepet sampai dan enak digunainnya!,2,2,Happy,4.9496366e-06,4.1339496e-05,0.9942456,0.0056618615,4.6194313e-05
harga jauh lebih murah fast response ramah dan sangat recommended. pastinya akan order disini lagi. pertahankan ya kak the best ?,3,3,Love,7.1998834e-06,9.378019e-05,0.0024063727,0.99748373,8.846689e-06
toko alat ukur dan repeater memang oke nih layanannya responsif dan cepat kirim dengan aman. produk drone fpv s lumayan untuk santai bermain camera di udara perlu fine tuning aja untuk posisi stabil karena bobot ringan waspada kalo tiupan angin mulai berisik. drone tello gw sebelumnya lenyap kebawa angin kencang di perbukitan sibeabea bulan lalu. enjoy playing this cheap drone. thank you boss.,2,2,Happy,0.017684644,0.07662823,0.7628615,0.10716251,0.035663124
ga bagusga ada kuatnya lem apaan,0,0,Anger,0.84167546,0.15782702,1.6663852e-06,1.118613e-06,0.00049479614
